File,|SIJ|,RIJ,,
NBC1-BzBz_PD32-0.2-CCCCCCHHHHHH-CCCCCCHHHHHH-Disp8-EFP.log,0.000831386,7.274934595,4.231712049,-6.8896
NBC1-BzBz_PD32-0.2-CCCCCCHHHHHH-CCCCCCHHHHHH-Disp8-EFP.log,0.000284498,6.632110159,4.231712049,-6.8896
NBC1-BzBz_PD32-0.2-CCCCCCHHHHHH-CCCCCCHHHHHH-Disp8-EFP.log,9.22E-05,10.33629346,4.231712049,-6.8896
NBC1-BzBz_PD32-0.2-CCCCCCHHHHHH-CCCCCCHHHHHH-Disp8-EFP.log,0.000607607,9.519707173,4.231712049,-6.8896
NBC1-BzBz_PD32-0.2-CCCCCCHHHHHH-CCCCCCHHHHHH-Disp8-EFP.log,5.17E-05,8.807290247,4.231712049,-6.8896
NBC1-BzBz_PD32-0.2-CCCCCCHHHHHH-CCCCCCHHHHHH-Disp8-EFP.log,0.000545021,7.851101699,4.231712049,-6.8896
NBC1-BzBz_PD32-0.2-CCCCCCHHHHHH-CCCCCCHHHHHH-Disp8-EFP.log,0.00035996,7.45389963,4.231712049,-6.8896
NBC1-BzBz_PD32-0.2-CCCCCCHHHHHH-CCCCCCHHHHHH-Disp8-EFP.log,0.000282531,7.740378496,4.231712049,-6.8896
NBC1-BzBz_PD32-0.2-CCCCCCHHHHHH-CCCCCCHHHHHH-Disp8-EFP.log,0.000512084,9.380239362,4.231712049,-6.8896
NBC1-BzBz_PD32-0.2-CCCCCCHHHHHH-CCCCCCHHHHHH-Disp8-EFP.log,0.000811219,6.566712951,4.231712049,-6.8896
NBC1-BzBz_PD32-0.2-CCCCCCHHHHHH-CCCCCCHHHHHH-Disp8-EFP.log,0.015214388,7.170145697,4.231712049,-6.8896
NBC1-BzBz_PD32-0.2-CCCCCCHHHHHH-CCCCCCHHHHHH-Disp8-EFP.log,0.014367323,6.058922415,4.231712049,-6.8896
NBC1-BzBz_PD32-0.2-CCCCCCHHHHHH-CCCCCCHHHHHH-Disp8-EFP.log,1.49E-05,8.856158604,4.231712049,-6.8896
NBC1-BzBz_PD32-0.2-CCCCCCHHHHHH-CCCCCCHHHHHH-Disp8-EFP.log,0.016683849,7.109036654,4.231712049,-6.8896
NBC1-BzBz_PD32-0.2-CCCCCCHHHHHH-CCCCCCHHHHHH-Disp8-EFP.log,0.013175112,8.616920831,4.231712049,-6.8896
NBC1-BzBz_PD32-0.2-CCCCCCHHHHHH-CCCCCCHHHHHH-Disp8-EFP.log,0.014367327,6.058922403,4.231712049,-6.8896
NBC1-BzBz_PD32-0.2-CCCCCCHHHHHH-CCCCCCHHHHHH-Disp8-EFP.log,0.000282524,7.740378548,4.231712049,-6.8896
NBC1-BzBz_PD32-0.2-CCCCCCHHHHHH-CCCCCCHHHHHH-Disp8-EFP.log,0.000607587,9.51970728,4.231712049,-6.8896
NBC1-BzBz_PD32-0.2-CCCCCCHHHHHH-CCCCCCHHHHHH-Disp8-EFP.log,9.22E-05,10.33629359,4.231712049,-6.8896
NBC1-BzBz_PD32-0.2-CCCCCCHHHHHH-CCCCCCHHHHHH-Disp8-EFP.log,0.000545012,7.851101713,4.231712049,-6.8896
NBC1-BzBz_PD32-0.2-CCCCCCHHHHHH-CCCCCCHHHHHH-Disp8-EFP.log,5.17E-05,8.807290517,4.231712049,-6.8896
NBC1-BzBz_PD32-0.2-CCCCCCHHHHHH-CCCCCCHHHHHH-Disp8-EFP.log,0.00051208,9.380239535,4.231712049,-6.8896
NBC1-BzBz_PD32-0.2-CCCCCCHHHHHH-CCCCCCHHHHHH-Disp8-EFP.log,0.0002845,6.63211026,4.231712049,-6.8896
NBC1-BzBz_PD32-0.2-CCCCCCHHHHHH-CCCCCCHHHHHH-Disp8-EFP.log,0.000359957,7.453899598,4.231712049,-6.8896
NBC1-BzBz_PD32-0.2-CCCCCCHHHHHH-CCCCCCHHHHHH-Disp8-EFP.log,0.000811211,6.5667129,4.231712049,-6.8896
NBC1-BzBz_PD32-0.2-CCCCCCHHHHHH-CCCCCCHHHHHH-Disp8-EFP.log,0.025562535,6.581626898,4.231712049,-6.8896
NBC1-BzBz_PD32-0.2-CCCCCCHHHHHH-CCCCCCHHHHHH-Disp8-EFP.log,0.000831386,7.274934812,4.231712049,-6.8896
NBC1-BzBz_PD32-0.2-CCCCCCHHHHHH-CCCCCCHHHHHH-Disp8-EFP.log,1.49E-05,8.856158715,4.231712049,-6.8896
NBC1-BzBz_PD32-0.2-CCCCCCHHHHHH-CCCCCCHHHHHH-Disp8-EFP.log,0.001605674,8.052481011,4.231712049,-6.8896
NBC1-BzBz_PD32-0.2-CCCCCCHHHHHH-CCCCCCHHHHHH-Disp8-EFP.log,0.005233737,8.248663997,4.231712049,-6.8896
NBC1-BzBz_PD32-0.2-CCCCCCHHHHHH-CCCCCCHHHHHH-Disp8-EFP.log,1.49E-06,9.813011197,4.231712049,-6.8896
NBC1-BzBz_PD32-0.2-CCCCCCHHHHHH-CCCCCCHHHHHH-Disp8-EFP.log,8.82E-05,7.39199385,4.231712049,-6.8896
NBC1-BzBz_PD32-0.2-CCCCCCHHHHHH-CCCCCCHHHHHH-Disp8-EFP.log,0.000831378,7.274934559,4.231712049,-6.8896
NBC1-BzBz_PD32-0.2-CCCCCCHHHHHH-CCCCCCHHHHHH-Disp8-EFP.log,0.014367327,6.058922403,4.231712049,-6.8896
NBC1-BzBz_PD32-0.2-CCCCCCHHHHHH-CCCCCCHHHHHH-Disp8-EFP.log,0.000176864,7.507856418,4.231712049,-6.8896
NBC1-BzBz_PD32-0.2-CCCCCCHHHHHH-CCCCCCHHHHHH-Disp8-EFP.log,0.00276904,6.359194001,4.231712049,-6.8896
NBC1-BzBz_PD32-0.2-CCCCCCHHHHHH-CCCCCCHHHHHH-Disp8-EFP.log,0.001472753,7.091454741,4.231712049,-6.8896
NBC1-BzBz_PD32-0.2-CCCCCCHHHHHH-CCCCCCHHHHHH-Disp8-EFP.log,0.000134042,8.400603555,4.231712049,-6.8896
NBC1-BzBz_PD32-0.2-CCCCCCHHHHHH-CCCCCCHHHHHH-Disp8-EFP.log,0.000318036,9.094888232,4.231712049,-6.8896
NBC1-BzBz_PD32-0.2-CCCCCCHHHHHH-CCCCCCHHHHHH-Disp8-EFP.log,0.000115678,8.349069156,4.231712049,-6.8896
NBC1-BzBz_PD32-0.2-CCCCCCHHHHHH-CCCCCCHHHHHH-Disp8-EFP.log,0.01578843,8.164192044,4.231712049,-6.8896
NBC1-BzBz_PD32-0.2-CCCCCCHHHHHH-CCCCCCHHHHHH-Disp8-EFP.log,0.000221866,8.948802012,4.231712049,-6.8896
NBC1-BzBz_PD32-0.2-CCCCCCHHHHHH-CCCCCCHHHHHH-Disp8-EFP.log,0.001999961,6.426703505,4.231712049,-6.8896
NBC1-BzBz_PD32-0.2-CCCCCCHHHHHH-CCCCCCHHHHHH-Disp8-EFP.log,0.020492633,6.866498679,4.231712049,-6.8896
NBC1-BzBz_PD32-0.2-CCCCCCHHHHHH-CCCCCCHHHHHH-Disp8-EFP.log,0.02211029,6.825116604,4.231712049,-6.8896
NBC1-BzBz_PD32-0.2-CCCCCCHHHHHH-CCCCCCHHHHHH-Disp8-EFP.log,0.000221886,8.948802118,4.231712049,-6.8896
NBC1-BzBz_PD32-0.2-CCCCCCHHHHHH-CCCCCCHHHHHH-Disp8-EFP.log,0.000134048,8.400603597,4.231712049,-6.8896
NBC1-BzBz_PD32-0.2-CCCCCCHHHHHH-CCCCCCHHHHHH-Disp8-EFP.log,0.014367323,6.058922414,4.231712049,-6.8896
NBC1-BzBz_PD32-0.2-CCCCCCHHHHHH-CCCCCCHHHHHH-Disp8-EFP.log,0.000831396,7.274934652,4.231712049,-6.8896
NBC1-BzBz_PD32-0.2-CCCCCCHHHHHH-CCCCCCHHHHHH-Disp8-EFP.log,0.002769046,6.359193985,4.231712049,-6.8896
NBC1-BzBz_PD32-0.2-CCCCCCHHHHHH-CCCCCCHHHHHH-Disp8-EFP.log,0.000176862,7.507856531,4.231712049,-6.8896
NBC1-BzBz_PD32-0.2-CCCCCCHHHHHH-CCCCCCHHHHHH-Disp8-EFP.log,0.000318031,9.094888224,4.231712049,-6.8896
NBC1-BzBz_PD32-0.2-CCCCCCHHHHHH-CCCCCCHHHHHH-Disp8-EFP.log,8.82E-05,7.391993687,4.231712049,-6.8896
NBC1-BzBz_PD32-0.2-CCCCCCHHHHHH-CCCCCCHHHHHH-Disp8-EFP.log,0.001472762,7.091454688,4.231712049,-6.8896
NBC1-BzBz_PD32-0.2-CCCCCCHHHHHH-CCCCCCHHHHHH-Disp8-EFP.log,0.000115681,8.349068996,4.231712049,-6.8896
NBC1-BzBz_PD32-0.2-CCCCCCHHHHHH-CCCCCCHHHHHH-Disp8-EFP.log,0.000918206,7.652506503,4.231712049,-6.8896
NBC1-BzBz_PD32-0.2-CCCCCCHHHHHH-CCCCCCHHHHHH-Disp8-EFP.log,1.49E-06,9.81301104,4.231712049,-6.8896
NBC1-BzBz_PD32-0.2-CCCCCCHHHHHH-CCCCCCHHHHHH-Disp8-EFP.log,0.001999959,6.42670353,4.231712049,-6.8896
NBC1-BzBz_PD32-0.2-CCCCCCHHHHHH-CCCCCCHHHHHH-Disp8-EFP.log,0.005789379,7.839186552,4.231712049,-6.8896
NBC1-BzBz_PD32-0.2-CCCCCCHHHHHH-CCCCCCHHHHHH-Disp8-EFP.log,0.033522039,6.353845303,4.231712049,-6.8896
NBC1-BzBz_PD32-0.2-CCCCCCHHHHHH-CCCCCCHHHHHH-Disp8-EFP.log,0.000134057,8.400603567,4.231712049,-6.8896
NBC1-BzBz_PD32-0.2-CCCCCCHHHHHH-CCCCCCHHHHHH-Disp8-EFP.log,0.001757967,6.340363376,4.231712049,-6.8896
NBC1-BzBz_PD32-0.2-CCCCCCHHHHHH-CCCCCCHHHHHH-Disp8-EFP.log,0.000282525,7.740378385,4.231712049,-6.8896
NBC1-BzBz_PD32-0.2-CCCCCCHHHHHH-CCCCCCHHHHHH-Disp8-EFP.log,0.000284499,6.632110196,4.231712049,-6.8896
NBC1-BzBz_PD32-0.2-CCCCCCHHHHHH-CCCCCCHHHHHH-Disp8-EFP.log,0.00011649,7.235922115,4.231712049,-6.8896
NBC1-BzBz_PD32-0.2-CCCCCCHHHHHH-CCCCCCHHHHHH-Disp8-EFP.log,0.006943912,6.058922394,4.231712049,-6.8896
NBC1-BzBz_PD32-0.2-CCCCCCHHHHHH-CCCCCCHHHHHH-Disp8-EFP.log,0.002038048,6.430314333,4.231712049,-6.8896
NBC1-BzBz_PD32-0.2-CCCCCCHHHHHH-CCCCCCHHHHHH-Disp8-EFP.log,0.000705346,7.47316829,4.231712049,-6.8896
NBC1-BzBz_PD32-0.2-CCCCCCHHHHHH-CCCCCCHHHHHH-Disp8-EFP.log,7.39E-06,8.556055331,4.231712049,-6.8896
NBC1-BzBz_PD32-0.2-CCCCCCHHHHHH-CCCCCCHHHHHH-Disp8-EFP.log,0.000145037,7.054718411,4.231712049,-6.8896
NBC1-BzBz_PD32-0.2-CCCCCCHHHHHH-CCCCCCHHHHHH-Disp8-EFP.log,0.003642906,7.103441727,4.231712049,-6.8896
NBC1-BzBz_PD32-0.2-CCCCCCHHHHHH-CCCCCCHHHHHH-Disp8-EFP.log,8.82E-05,7.391993688,4.231712049,-6.8896
NBC1-BzBz_PD32-0.2-CCCCCCHHHHHH-CCCCCCHHHHHH-Disp8-EFP.log,0.000228627,6.541385608,4.231712049,-6.8896
NBC1-BzBz_PD32-0.2-CCCCCCHHHHHH-CCCCCCHHHHHH-Disp8-EFP.log,0.02787164,6.116899486,4.231712049,-6.8896
NBC1-BzBz_PD32-0.2-CCCCCCHHHHHH-CCCCCCHHHHHH-Disp8-EFP.log,0.008934126,6.695793986,4.231712049,-6.8896
NBC1-BzBz_PD32-0.2-CCCCCCHHHHHH-CCCCCCHHHHHH-Disp8-EFP.log,8.82E-05,7.391993672,4.231712049,-6.8896
NBC1-BzBz_PD32-0.2-CCCCCCHHHHHH-CCCCCCHHHHHH-Disp8-EFP.log,0.000705345,7.473168176,4.231712049,-6.8896
NBC1-BzBz_PD32-0.2-CCCCCCHHHHHH-CCCCCCHHHHHH-Disp8-EFP.log,0.000284494,6.632110339,4.231712049,-6.8896
NBC1-BzBz_PD32-0.2-CCCCCCHHHHHH-CCCCCCHHHHHH-Disp8-EFP.log,0.000282525,7.74037845,4.231712049,-6.8896
NBC1-BzBz_PD32-0.2-CCCCCCHHHHHH-CCCCCCHHHHHH-Disp8-EFP.log,0.006943913,6.058922409,4.231712049,-6.8896
NBC1-BzBz_PD32-0.2-CCCCCCHHHHHH-CCCCCCHHHHHH-Disp8-EFP.log,0.000116493,7.235922191,4.231712049,-6.8896
NBC1-BzBz_PD32-0.2-CCCCCCHHHHHH-CCCCCCHHHHHH-Disp8-EFP.log,7.39E-06,8.556055214,4.231712049,-6.8896
NBC1-BzBz_PD32-0.2-CCCCCCHHHHHH-CCCCCCHHHHHH-Disp8-EFP.log,0.001757955,6.34036324,4.231712049,-6.8896
NBC1-BzBz_PD32-0.2-CCCCCCHHHHHH-CCCCCCHHHHHH-Disp8-EFP.log,0.002038038,6.430314344,4.231712049,-6.8896
NBC1-BzBz_PD32-0.2-CCCCCCHHHHHH-CCCCCCHHHHHH-Disp8-EFP.log,0.000145038,7.054718134,4.231712049,-6.8896
NBC1-BzBz_PD32-0.2-CCCCCCHHHHHH-CCCCCCHHHHHH-Disp8-EFP.log,0.01589893,6.519834617,4.231712049,-6.8896
NBC1-BzBz_PD32-0.2-CCCCCCHHHHHH-CCCCCCHHHHHH-Disp8-EFP.log,0.000134048,8.40060331,4.231712049,-6.8896
NBC1-BzBz_PD32-0.2-CCCCCCHHHHHH-CCCCCCHHHHHH-Disp8-EFP.log,0.000228625,6.541385654,4.231712049,-6.8896
NBC1-BzBz_PD32-0.2-CCCCCCHHHHHH-CCCCCCHHHHHH-Disp8-EFP.log,0.006667039,7.174160539,4.231712049,-6.8896
NBC1-BzBz_PD32-0.2-CCCCCCHHHHHH-CCCCCCHHHHHH-Disp8-EFP.log,0.023930956,6.223517949,4.231712049,-6.8896
NBC1-BzBz_PD32-0.2-CCCCCCHHHHHH-CCCCCCHHHHHH-Disp8-EFP.log,0.00147276,7.091454873,4.231712049,-6.8896
NBC1-BzBz_PD32-0.2-CCCCCCHHHHHH-CCCCCCHHHHHH-Disp8-EFP.log,7.39E-06,8.55605542,4.231712049,-6.8896
NBC1-BzBz_PD32-0.2-CCCCCCHHHHHH-CCCCCCHHHHHH-Disp8-EFP.log,0.000359957,7.453899592,4.231712049,-6.8896
NBC1-BzBz_PD32-0.2-CCCCCCHHHHHH-CCCCCCHHHHHH-Disp8-EFP.log,0.000512074,9.380239306,4.231712049,-6.8896
NBC1-BzBz_PD32-0.2-CCCCCCHHHHHH-CCCCCCHHHHHH-Disp8-EFP.log,0.000752674,6.563177056,4.231712049,-6.8896
NBC1-BzBz_PD32-0.2-CCCCCCHHHHHH-CCCCCCHHHHHH-Disp8-EFP.log,5.27E-05,8.656351435,4.231712049,-6.8896
NBC1-BzBz_PD32-0.2-CCCCCCHHHHHH-CCCCCCHHHHHH-Disp8-EFP.log,6.68E-05,10.07804917,4.231712049,-6.8896
NBC1-BzBz_PD32-0.2-CCCCCCHHHHHH-CCCCCCHHHHHH-Disp8-EFP.log,0.002038041,6.430314323,4.231712049,-6.8896
NBC1-BzBz_PD32-0.2-CCCCCCHHHHHH-CCCCCCHHHHHH-Disp8-EFP.log,0.014402274,6.058922472,4.231712049,-6.8896
NBC1-BzBz_PD32-0.2-CCCCCCHHHHHH-CCCCCCHHHHHH-Disp8-EFP.log,8.05E-05,7.510947535,4.231712049,-6.8896
NBC1-BzBz_PD32-0.2-CCCCCCHHHHHH-CCCCCCHHHHHH-Disp8-EFP.log,0.021166341,6.847827745,4.231712049,-6.8896
NBC1-BzBz_PD32-0.2-CCCCCCHHHHHH-CCCCCCHHHHHH-Disp8-EFP.log,0.000318024,9.094888332,4.231712049,-6.8896
NBC1-BzBz_PD32-0.2-CCCCCCHHHHHH-CCCCCCHHHHHH-Disp8-EFP.log,0.000467132,7.737379034,4.231712049,-6.8896
NBC1-BzBz_PD32-0.2-CCCCCCHHHHHH-CCCCCCHHHHHH-Disp8-EFP.log,0.014305609,8.384489822,4.231712049,-6.8896
NBC1-BzBz_PD32-0.2-CCCCCCHHHHHH-CCCCCCHHHHHH-Disp8-EFP.log,0.015629118,7.148459369,4.231712049,-6.8896
NBC1-BzBz_PD32-0.2-CCCCCCHHHHHH-CCCCCCHHHHHH-Disp8-EFP.log,0.000176863,7.507856572,4.231712049,-6.8896
NBC1-BzBz_PD32-0.2-CCCCCCHHHHHH-CCCCCCHHHHHH-Disp8-EFP.log,0.006943912,6.058922384,4.231712049,-6.8896
NBC1-BzBz_PD32-0.2-CCCCCCHHHHHH-CCCCCCHHHHHH-Disp8-EFP.log,5.17E-05,8.807290347,4.231712049,-6.8896
NBC1-BzBz_PD32-0.2-CCCCCCHHHHHH-CCCCCCHHHHHH-Disp8-EFP.log,0.000545014,7.851101649,4.231712049,-6.8896
NBC1-BzBz_PD32-0.2-CCCCCCHHHHHH-CCCCCCHHHHHH-Disp8-EFP.log,0.000741886,7.700708839,4.231712049,-6.8896
NBC1-BzBz_PD32-0.2-CCCCCCHHHHHH-CCCCCCHHHHHH-Disp8-EFP.log,8.34E-05,6.607033716,4.231712049,-6.8896
NBC1-BzBz_PD32-0.2-CCCCCCHHHHHH-CCCCCCHHHHHH-Disp8-EFP.log,0.000752666,6.563177006,4.231712049,-6.8896
NBC1-BzBz_PD32-0.2-CCCCCCHHHHHH-CCCCCCHHHHHH-Disp8-EFP.log,0.00011649,7.235922323,4.231712049,-6.8896
NBC1-BzBz_PD32-0.2-CCCCCCHHHHHH-CCCCCCHHHHHH-Disp8-EFP.log,5.27E-05,8.656351461,4.231712049,-6.8896
NBC1-BzBz_PD32-0.2-CCCCCCHHHHHH-CCCCCCHHHHHH-Disp8-EFP.log,0.001146322,6.408071218,4.231712049,-6.8896
NBC1-BzBz_PD32-0.2-CCCCCCHHHHHH-CCCCCCHHHHHH-Disp8-EFP.log,0.012029107,6.742948306,4.231712049,-6.8896
NBC1-BzBz_PD32-0.2-CCCCCCHHHHHH-CCCCCCHHHHHH-Disp8-EFP.log,0.002769043,6.359193966,4.231712049,-6.8896
NBC1-BzBz_PD32-0.2-CCCCCCHHHHHH-CCCCCCHHHHHH-Disp8-EFP.log,0.000258056,7.412697851,4.231712049,-6.8896
NBC1-BzBz_PD32-0.2-CCCCCCHHHHHH-CCCCCCHHHHHH-Disp8-EFP.log,0.026410227,6.206965849,4.231712049,-6.8896
NBC1-BzBz_PD32-0.2-CCCCCCHHHHHH-CCCCCCHHHHHH-Disp8-EFP.log,0.007201784,7.341270297,4.231712049,-6.8896
NBC1-BzBz_PD32-0.2-CCCCCCHHHHHH-CCCCCCHHHHHH-Disp8-EFP.log,0.00031803,9.094888168,4.231712049,-6.8896
NBC1-BzBz_PD32-0.2-CCCCCCHHHHHH-CCCCCCHHHHHH-Disp8-EFP.log,0.002038049,6.430314304,4.231712049,-6.8896
NBC1-BzBz_PD32-0.2-CCCCCCHHHHHH-CCCCCCHHHHHH-Disp8-EFP.log,0.000512082,9.380239436,4.231712049,-6.8896
NBC1-BzBz_PD32-0.2-CCCCCCHHHHHH-CCCCCCHHHHHH-Disp8-EFP.log,0.000359962,7.453899745,4.231712049,-6.8896
NBC1-BzBz_PD32-0.2-CCCCCCHHHHHH-CCCCCCHHHHHH-Disp8-EFP.log,5.27E-05,8.656351333,4.231712049,-6.8896
NBC1-BzBz_PD32-0.2-CCCCCCHHHHHH-CCCCCCHHHHHH-Disp8-EFP.log,0.000752669,6.563177092,4.231712049,-6.8896
NBC1-BzBz_PD32-0.2-CCCCCCHHHHHH-CCCCCCHHHHHH-Disp8-EFP.log,0.01440227,6.0589225,4.231712049,-6.8896
NBC1-BzBz_PD32-0.2-CCCCCCHHHHHH-CCCCCCHHHHHH-Disp8-EFP.log,7.39E-06,8.556055389,4.231712049,-6.8896
NBC1-BzBz_PD32-0.2-CCCCCCHHHHHH-CCCCCCHHHHHH-Disp8-EFP.log,6.68E-05,10.07804918,4.231712049,-6.8896
NBC1-BzBz_PD32-0.2-CCCCCCHHHHHH-CCCCCCHHHHHH-Disp8-EFP.log,8.05E-05,7.510947655,4.231712049,-6.8896
NBC1-BzBz_PD32-0.2-CCCCCCHHHHHH-CCCCCCHHHHHH-Disp8-EFP.log,0.003636541,7.942234992,4.231712049,-6.8896
NBC1-BzBz_PD32-0.2-CCCCCCHHHHHH-CCCCCCHHHHHH-Disp8-EFP.log,0.001472757,7.091454532,4.231712049,-6.8896
NBC1-BzBz_PD32-0.2-CCCCCCHHHHHH-CCCCCCHHHHHH-Disp8-EFP.log,0.000467139,7.737379142,4.231712049,-6.8896
NBC1-BzBz_PD32-0.2-CCCCCCHHHHHH-CCCCCCHHHHHH-Disp8-EFP.log,0.029531559,6.456901819,4.231712049,-6.8896
NBC1-BzBz_PD32-0.2-CCCCCCHHHHHH-CCCCCCHHHHHH-Disp8-EFP.log,0.003405197,7.970082038,4.231712049,-6.8896
NBC1-BzBz_PD32-0.2-CCCCCCHHHHHH-CCCCCCHHHHHH-Disp8-EFP.log,0.000115672,8.34906893,4.231712049,-6.8896
NBC1-BzBz_PD32-0.2-CCCCCCHHHHHH-CCCCCCHHHHHH-Disp8-EFP.log,0.00014504,7.054718236,4.231712049,-6.8896
NBC1-BzBz_PD32-0.2-CCCCCCHHHHHH-CCCCCCHHHHHH-Disp8-EFP.log,0.000811211,6.566712977,4.231712049,-6.8896
NBC1-BzBz_PD32-0.2-CCCCCCHHHHHH-CCCCCCHHHHHH-Disp8-EFP.log,0.000811209,6.566712948,4.231712049,-6.8896
NBC1-BzBz_PD32-0.2-CCCCCCHHHHHH-CCCCCCHHHHHH-Disp8-EFP.log,0.001146318,6.408071047,4.231712049,-6.8896
NBC1-BzBz_PD32-0.2-CCCCCCHHHHHH-CCCCCCHHHHHH-Disp8-EFP.log,0.001146316,6.408071066,4.231712049,-6.8896
NBC1-BzBz_PD32-0.2-CCCCCCHHHHHH-CCCCCCHHHHHH-Disp8-EFP.log,8.05E-05,7.510947454,4.231712049,-6.8896
NBC1-BzBz_PD32-0.2-CCCCCCHHHHHH-CCCCCCHHHHHH-Disp8-EFP.log,0.000145036,7.054718214,4.231712049,-6.8896
NBC1-BzBz_PD32-0.2-CCCCCCHHHHHH-CCCCCCHHHHHH-Disp8-EFP.log,8.05E-05,7.510947541,4.231712049,-6.8896
NBC1-BzBz_PD32-0.2-CCCCCCHHHHHH-CCCCCCHHHHHH-Disp8-EFP.log,0.000632275,7.356757009,4.231712049,-6.8896
NBC1-BzBz_PD32-0.2-CCCCCCHHHHHH-CCCCCCHHHHHH-Disp8-EFP.log,0.002855055,6.99852254,4.231712049,-6.8896
NBC1-BzBz_PD32-0.2-CCCCCCHHHHHH-CCCCCCHHHHHH-Disp8-EFP.log,0.000115667,8.349068768,4.231712049,-6.8896
NBC1-BzBz_PD32-0.2-CCCCCCHHHHHH-CCCCCCHHHHHH-Disp8-EFP.log,0.007057385,6.058922519,4.231712049,-6.8896
NBC1-BzBz_PD32-0.2-CCCCCCHHHHHH-CCCCCCHHHHHH-Disp8-EFP.log,0.010055168,6.624766378,4.231712049,-6.8896
NBC1-BzBz_PD32-0.2-CCCCCCHHHHHH-CCCCCCHHHHHH-Disp8-EFP.log,0.026877995,6.103492101,4.231712049,-6.8896
NBC1-BzBz_PD32-0.2-CCCCCCHHHHHH-CCCCCCHHHHHH-Disp8-EFP.log,0.015627831,8.159804319,4.231712049,-6.8896
NBC1-BzBz_PD32-0.2-CCCCCCHHHHHH-CCCCCCHHHHHH-Disp8-EFP.log,0.017335794,6.47373016,4.231712049,-6.8896
NBC1-BzBz_PD32-0.2-CCCCCCHHHHHH-CCCCCCHHHHHH-Disp8-EFP.log,0.013765786,7.249969855,4.231712049,-6.8896
NBC1-BzBz_PD32-0.2-CCCCCCHHHHHH-CCCCCCHHHHHH-Disp8-EFP.log,0.025324738,6.597117078,4.231712049,-6.8896
NBC1-BzBz_PD32-0.2-CCCCCCHHHHHH-CCCCCCHHHHHH-Disp8-EFP.log,0.010427237,6.796979449,4.231712049,-6.8896
NBC1-BzBz_PD32-0.2-CCCCCCHHHHHH-CCCCCCHHHHHH-Disp8-EFP.log,0.029472007,6.108849372,4.231712049,-6.8896
NBC1-BzBz_PD32-0.2-CCCCCCHHHHHH-CCCCCCHHHHHH-Disp8-EFP.log,0.022541714,6.783219783,4.231712049,-6.8896
NBC1-BzBz_PD32-0.2-CCCCCCHHHHHH-CCCCCCHHHHHH-Disp8-EFP.log,0.004492515,7.12671565,4.231712049,-6.8896
NBC1-BzBz_PD32-0.2-CCCCCCHHHHHH-CCCCCCHHHHHH-Disp8-EFP.log,0.005163151,8.005765872,4.231712049,-6.8896
NBC1-BzBz_PD32-0.2-CCCCCCHHHHHH-CCCCCCHHHHHH-Disp8-EFP.log,0.00200789,6.974610418,4.231712049,-6.8896
NBC1-BzBz_PD32-0.2-CCCCCCHHHHHH-CCCCCCHHHHHH-Disp8-EFP.log,0.029976814,6.871950068,4.231712049,-6.8896
NBC1-BzBz_PD32-0.2-CCCCCCHHHHHH-CCCCCCHHHHHH-Disp8-EFP.log,0.000982318,7.585663966,4.231712049,-6.8896
NBC1-BzBz_PD32-0.2-CCCCCCHHHHHH-CCCCCCHHHHHH-Disp8-EFP.log,0.025395148,6.281951865,4.231712049,-6.8896
NBC1-BzBz_PD32-0.2-CCCCCCHHHHHH-CCCCCCHHHHHH-Disp8-EFP.log,0.086720643,6.188270645,4.231712049,-6.8896
NBC1-BzBz_PD32-0.2-CCCCCCHHHHHH-CCCCCCHHHHHH-Disp8-EFP.log,0.070324617,6.365108727,4.231712049,-6.8896
NBC1-BzBz_PD32-0.2-CCCCCCHHHHHH-CCCCCCHHHHHH-Disp8-EFP.log,0.002769034,6.359193961,4.231712049,-6.8896
NBC1-BzBz_PD32-0.2-CCCCCCHHHHHH-CCCCCCHHHHHH-Disp8-EFP.log,0.000116491,7.235922145,4.231712049,-6.8896
NBC1-BzBz_PD32-0.2-CCCCCCHHHHHH-CCCCCCHHHHHH-Disp8-EFP.log,0.000545023,7.851101866,4.231712049,-6.8896
NBC1-BzBz_PD32-0.2-CCCCCCHHHHHH-CCCCCCHHHHHH-Disp8-EFP.log,5.17E-05,8.807290377,4.231712049,-6.8896
NBC1-BzBz_PD32-0.2-CCCCCCHHHHHH-CCCCCCHHHHHH-Disp8-EFP.log,8.34E-05,6.607033803,4.231712049,-6.8896
NBC1-BzBz_PD32-0.2-CCCCCCHHHHHH-CCCCCCHHHHHH-Disp8-EFP.log,0.000741881,7.700708918,4.231712049,-6.8896
NBC1-BzBz_PD32-0.2-CCCCCCHHHHHH-CCCCCCHHHHHH-Disp8-EFP.log,5.27E-05,8.656351306,4.231712049,-6.8896
NBC1-BzBz_PD32-0.2-CCCCCCHHHHHH-CCCCCCHHHHHH-Disp8-EFP.log,0.006943913,6.058922412,4.231712049,-6.8896
NBC1-BzBz_PD32-0.2-CCCCCCHHHHHH-CCCCCCHHHHHH-Disp8-EFP.log,0.000752675,6.563177156,4.231712049,-6.8896
NBC1-BzBz_PD32-0.2-CCCCCCHHHHHH-CCCCCCHHHHHH-Disp8-EFP.log,0.001146314,6.408070961,4.231712049,-6.8896
NBC1-BzBz_PD32-0.2-CCCCCCHHHHHH-CCCCCCHHHHHH-Disp8-EFP.log,0.029079004,6.12508897,4.231712049,-6.8896
NBC1-BzBz_PD32-0.2-CCCCCCHHHHHH-CCCCCCHHHHHH-Disp8-EFP.log,0.00017686,7.507856358,4.231712049,-6.8896
NBC1-BzBz_PD32-0.2-CCCCCCHHHHHH-CCCCCCHHHHHH-Disp8-EFP.log,0.000258053,7.412697928,4.231712049,-6.8896
NBC1-BzBz_PD32-0.2-CCCCCCHHHHHH-CCCCCCHHHHHH-Disp8-EFP.log,0.003724167,7.25110611,4.231712049,-6.8896
NBC1-BzBz_PD32-0.2-CCCCCCHHHHHH-CCCCCCHHHHHH-Disp8-EFP.log,0.005882725,6.913231608,4.231712049,-6.8896
NBC1-BzBz_PD32-0.2-CCCCCCHHHHHH-CCCCCCHHHHHH-Disp8-EFP.log,0.001999962,6.426703495,4.231712049,-6.8896
NBC1-BzBz_PD32-0.2-CCCCCCHHHHHH-CCCCCCHHHHHH-Disp8-EFP.log,0.000228623,6.541385668,4.231712049,-6.8896
NBC1-BzBz_PD32-0.2-CCCCCCHHHHHH-CCCCCCHHHHHH-Disp8-EFP.log,1.49E-05,8.856158844,4.231712049,-6.8896
NBC1-BzBz_PD32-0.2-CCCCCCHHHHHH-CCCCCCHHHHHH-Disp8-EFP.log,1.49E-05,8.856158799,4.231712049,-6.8896
NBC1-BzBz_PD32-0.2-CCCCCCHHHHHH-CCCCCCHHHHHH-Disp8-EFP.log,0.000258057,7.412697959,4.231712049,-6.8896
NBC1-BzBz_PD32-0.2-CCCCCCHHHHHH-CCCCCCHHHHHH-Disp8-EFP.log,0.000258053,7.412698023,4.231712049,-6.8896
NBC1-BzBz_PD32-0.2-CCCCCCHHHHHH-CCCCCCHHHHHH-Disp8-EFP.log,0.000467133,7.737379148,4.231712049,-6.8896
NBC1-BzBz_PD32-0.2-CCCCCCHHHHHH-CCCCCCHHHHHH-Disp8-EFP.log,0.000228628,6.541385749,4.231712049,-6.8896
NBC1-BzBz_PD32-0.2-CCCCCCHHHHHH-CCCCCCHHHHHH-Disp8-EFP.log,0.000467129,7.73737919,4.231712049,-6.8896
NBC1-BzBz_PD32-0.2-CCCCCCHHHHHH-CCCCCCHHHHHH-Disp8-EFP.log,0.007057386,6.058922515,4.231712049,-6.8896
NBC1-BzBz_PD32-0.2-CCCCCCHHHHHH-CCCCCCHHHHHH-Disp8-EFP.log,0.026365709,6.24469963,4.231712049,-6.8896
NBC1-BzBz_PD32-0.2-CCCCCCHHHHHH-CCCCCCHHHHHH-Disp8-EFP.log,0.001999959,6.42670348,4.231712049,-6.8896
NBC1-BzBz_PD32-0.2-CCCCCCHHHHHH-CCCCCCHHHHHH-Disp8-EFP.log,0.000721479,7.811996134,4.231712049,-6.8896
NBC1-BzBz_PD32-0.2-CCCCCCHHHHHH-CCCCCCHHHHHH-Disp8-EFP.log,0.011575152,6.790248318,4.231712049,-6.8896
NBC1-BzBz_PD32-0.2-CCCCCCHHHHHH-CCCCCCHHHHHH-Disp8-EFP.log,0.007697879,7.441358595,4.231712049,-6.8896
NBC1-BzBz_PD32-0.2-CCCCCCHHHHHH-CCCCCCHHHHHH-Disp8-EFP.log,0.018653438,6.937111575,4.231712049,-6.8896
NBC1-BzBz_PD32-0.2-CCCCCCHHHHHH-CCCCCCHHHHHH-Disp8-EFP.log,0.006988496,7.184943526,4.231712049,-6.8896
NBC1-BzBz_PD32-0.2-CCCCCCHHHHHH-CCCCCCHHHHHH-Disp8-EFP.log,0.017996843,7.034299638,4.231712049,-6.8896
NBC1-BzBz_PD32-0.2-CCCCCCHHHHHH-CCCCCCHHHHHH-Disp8-EFP.log,0.000116386,7.977940468,4.231712049,-6.8896
NBC1-BzBz_PD32-0.2-CCCCCCHHHHHH-CCCCCCHHHHHH-Disp8-EFP.log,0.027269403,6.176681262,4.231712049,-6.8896
NBC1-BzBz_PD32-0.2-CCCCCCHHHHHH-CCCCCCHHHHHH-Disp8-EFP.log,0.002574551,7.215819637,4.231712049,-6.8896
NBC1-BzBz_PD32-0.2-CCCCCCHHHHHH-CCCCCCHHHHHH-Disp8-EFP.log,0.013968735,8.36968848,4.231712049,-6.8896
NBC1-BzBz_PD32-0.2-CCCCCCHHHHHH-CCCCCCHHHHHH-Disp8-EFP.log,0.02721724,6.140581872,4.231712049,-6.8896
NBC1-BzBz_PD32-0.2-CCCCCCHHHHHH-CCCCCCHHHHHH-Disp8-EFP.log,0.029445908,6.459052786,4.231712049,-6.8896
NBC1-BzBz_PD32-0.2-CCCCCCHHHHHH-CCCCCCHHHHHH-Disp8-EFP.log,0.008647364,6.66653954,4.231712049,-6.8896
NBC1-BzBz_PD32-0.2-CCCCCCHHHHHH-CCCCCCHHHHHH-Disp8-EFP.log,0.076419475,6.246802132,4.231712049,-6.8896
NBC1-BzBz_PD32-0.2-CCCCCCHHHHHH-CCCCCCHHHHHH-Disp8-EFP.log,0.007375208,7.892380834,4.231712049,-6.8896
NBC1-BzBz_PD32-0.2-CCCCCCHHHHHH-CCCCCCHHHHHH-Disp8-EFP.log,0.01318794,6.732907987,4.231712049,-6.8896
NBC1-BzBz_PD32-0.2-CCCCCCHHHHHH-CCCCCCHHHHHH-Disp8-EFP.log,0.037099963,7.004765272,4.231712049,-6.8896
NBC1-BzBz_PD32-0.2-CCCCCCHHHHHH-CCCCCCHHHHHH-Disp8-EFP.log,0.078960663,6.359540866,4.231712049,-6.8896
NBC1-BzBz_PD32-0.2-CCCCCCHHHHHH-CCCCCCHHHHHH-Disp8-EFP.log,0.023788837,6.758633637,4.231712049,-6.8896
NBC1-BzBz_PD32-0.2-CCCCCCHHHHHH-CCCCCCHHHHHH-Disp8-EFP.log,0.022815543,6.25910584,4.231712049,-6.8896
NBC1-BzBz_PD32-0.2-CCCCCCHHHHHH-CCCCCCHHHHHH-Disp8-EFP.log,0.013039464,8.611462408,4.231712049,-6.8896
NBC1-BzBz_PD32-0.2-CCCCCCHHHHHH-CCCCCCHHHHHH-Disp8-EFP.log,0.006485207,8.308503501,4.231712049,-6.8896
NBC1-BzBz_PD32-0.2-CCCCCCHHHHHH-CCCCCCHHHHHH-Disp8-EFP.log,0.006459033,7.316946347,4.231712049,-6.8896
NBC1-BzBz_PD32-0.2-CCCCCCHHHHHH-CCCCCCHHHHHH-Disp8-EFP.log,0.004340094,6.964332984,4.231712049,-6.8896
NBC1-BzBz_PD32-0.2-CCCCCCHHHHHH-CCCCCCHHHHHH-Disp8-EFP.log,0.013916805,7.226972312,4.231712049,-6.8896
NBC1-BzBz_PD32-0.2-CCCCCCHHHHHH-CCCCCCHHHHHH-Disp8-EFP.log,0.010438143,6.649224021,4.231712049,-6.8896
NBC1-BzBz_PD32-0.2-CCCCCCHHHHHH-CCCCCCHHHHHH-Disp8-EFP.log,0.001792896,7.904507301,4.231712049,-6.8896
NBC1-BzBz_PD32-0.2-CCCCCCHHHHHH-CCCCCCHHHHHH-Disp8-EFP.log,0.027438607,6.085353412,4.231712049,-6.8896
NBC1-BzBz_PD32-0.2-CCCCCCHHHHHH-CCCCCCHHHHHH-Disp8-EFP.log,0.081324502,6.291898822,4.231712049,-6.8896
NBC1-BzBz_PD32-0.2-CCCCCCHHHHHH-CCCCCCHHHHHH-Disp8-EFP.log,0.033207321,6.368129688,4.231712049,-6.8896
NBC1-BzBz_PD32-0.2-CCCCCCHHHHHH-CCCCCCHHHHHH-Disp8-EFP.log,0.008340079,7.462076866,4.231712049,-6.8896
NBC1-BzBz_PD32-0.2-CCCCCCHHHHHH-CCCCCCHHHHHH-Disp8-EFP.log,0.067498426,6.442197277,4.231712049,-6.8896
NBC1-BzBz_PD32-0.2-CCCCCCHHHHHH-CCCCCCHHHHHH-Disp8-EFP.log,0.046040825,7.20084064,4.231712049,-6.8896
NBC1-BzMe-3.3-CCCCCCHHHHHH-CHHHH-Disp8-EFP.log,0.00072471,7.605314831,-1.146456935,-3.1257
NBC1-BzMe-3.3-CCCCCCHHHHHH-CHHHH-Disp8-EFP.log,0.000724704,7.605315272,-1.146456935,-3.1257
NBC1-BzMe-3.3-CCCCCCHHHHHH-CHHHH-Disp8-EFP.log,0.002904888,8.600641315,-1.146456935,-3.1257
NBC1-BzMe-3.3-CCCCCCHHHHHH-CHHHH-Disp8-EFP.log,0.004100381,6.315948879,-1.146456935,-3.1257
NBC1-BzMe-3.3-CCCCCCHHHHHH-CHHHH-Disp8-EFP.log,0.002125972,8.282167098,-1.146456935,-3.1257
NBC1-BzMe-3.3-CCCCCCHHHHHH-CHHHH-Disp8-EFP.log,0.002125966,8.282167284,-1.146456935,-3.1257
NBC1-BzMe-3.3-CCCCCCHHHHHH-CHHHH-Disp8-EFP.log,0.00306715,7.243208821,-1.146456935,-3.1257
NBC1-BzMe-3.3-CCCCCCHHHHHH-CHHHH-Disp8-EFP.log,0.004035085,6.315948712,-1.146456935,-3.1257
NBC1-BzMe-3.3-CCCCCCHHHHHH-CHHHH-Disp8-EFP.log,0.003960128,7.211830464,-1.146456935,-3.1257
NBC1-BzMe-3.3-CCCCCCHHHHHH-CHHHH-Disp8-EFP.log,0.00657761,7.569347499,-1.146456935,-3.1257
NBC1-BzMe-3.3-CCCCCCHHHHHH-CHHHH-Disp8-EFP.log,0.000318559,6.835640222,-1.146456935,-3.1257
NBC1-BzMe-3.3-CCCCCCHHHHHH-CHHHH-Disp8-EFP.log,0.024523027,5.355758988,-1.146456935,-3.1257
NBC1-BzMe-3.3-CCCCCCHHHHHH-CHHHH-Disp8-EFP.log,0.002125975,8.28216733,-1.146456935,-3.1257
NBC1-BzMe-3.3-CCCCCCHHHHHH-CHHHH-Disp8-EFP.log,0.003067142,7.24320914,-1.146456935,-3.1257
NBC1-BzMe-3.3-CCCCCCHHHHHH-CHHHH-Disp8-EFP.log,0.002125973,8.282167149,-1.146456935,-3.1257
NBC1-BzMe-3.3-CCCCCCHHHHHH-CHHHH-Disp8-EFP.log,0.004035114,6.315948803,-1.146456935,-3.1257
NBC1-BzMe-3.3-CCCCCCHHHHHH-CHHHH-Disp8-EFP.log,0.003067153,7.243208893,-1.146456935,-3.1257
NBC1-BzMe-3.3-CCCCCCHHHHHH-CHHHH-Disp8-EFP.log,0.002125976,8.28216746,-1.146456935,-3.1257
NBC1-BzMe-3.3-CCCCCCHHHHHH-CHHHH-Disp8-EFP.log,0.002125976,8.282167103,-1.146456935,-3.1257
NBC1-BzMe-3.3-CCCCCCHHHHHH-CHHHH-Disp8-EFP.log,0.004035101,6.315948972,-1.146456935,-3.1257
NBC1-BzMe-3.3-CCCCCCHHHHHH-CHHHH-Disp8-EFP.log,0.006577586,7.569348,-1.146456935,-3.1257
NBC1-BzMe-3.3-CCCCCCHHHHHH-CHHHH-Disp8-EFP.log,0.003960132,7.211831055,-1.146456935,-3.1257
NBC1-BzMe-3.3-CCCCCCHHHHHH-CHHHH-Disp8-EFP.log,0.000318552,6.8356405,-1.146456935,-3.1257
NBC1-BzMe-3.3-CCCCCCHHHHHH-CHHHH-Disp8-EFP.log,0.024522969,5.35575952,-1.146456935,-3.1257
NBC1-BzMe-3.3-CCCCCCHHHHHH-CHHHH-Disp8-EFP.log,0.002904878,8.600641486,-1.146456935,-3.1257
NBC1-BzMe-3.3-CCCCCCHHHHHH-CHHHH-Disp8-EFP.log,0.00072471,7.605314978,-1.146456935,-3.1257
NBC1-BzMe-3.3-CCCCCCHHHHHH-CHHHH-Disp8-EFP.log,0.000724708,7.605314925,-1.146456935,-3.1257
NBC1-BzMe-3.3-CCCCCCHHHHHH-CHHHH-Disp8-EFP.log,0.004100354,6.315948724,-1.146456935,-3.1257
NBC1-BzMe-3.3-CCCCCCHHHHHH-CHHHH-Disp8-EFP.log,0.000318549,6.83564046,-1.146456935,-3.1257
NBC1-BzMe-3.3-CCCCCCHHHHHH-CHHHH-Disp8-EFP.log,0.006577599,7.569347985,-1.146456935,-3.1257
NBC1-BzMe-3.3-CCCCCCHHHHHH-CHHHH-Disp8-EFP.log,0.003960122,7.211830622,-1.146456935,-3.1257
NBC1-BzMe-3.3-CCCCCCHHHHHH-CHHHH-Disp8-EFP.log,0.024522963,5.355759447,-1.146456935,-3.1257
NBC1-BzMe-3.3-CCCCCCHHHHHH-CHHHH-Disp8-EFP.log,0.000318554,6.835640291,-1.146456935,-3.1257
NBC1-BzMe-3.3-CCCCCCHHHHHH-CHHHH-Disp8-EFP.log,0.003960141,7.211830676,-1.146456935,-3.1257
NBC1-BzMe-3.3-CCCCCCHHHHHH-CHHHH-Disp8-EFP.log,0.006577594,7.569347139,-1.146456935,-3.1257
NBC1-BzMe-3.3-CCCCCCHHHHHH-CHHHH-Disp8-EFP.log,0.024522996,5.355758973,-1.146456935,-3.1257
NBC1-BzMe-3.3-CCCCCCHHHHHH-CHHHH-Disp8-EFP.log,0.006577593,7.569347327,-1.146456935,-3.1257
NBC1-BzMe-3.3-CCCCCCHHHHHH-CHHHH-Disp8-EFP.log,0.000318569,6.835640481,-1.146456935,-3.1257
NBC1-BzMe-3.3-CCCCCCHHHHHH-CHHHH-Disp8-EFP.log,0.003960138,7.211830375,-1.146456935,-3.1257
NBC1-BzMe-3.3-CCCCCCHHHHHH-CHHHH-Disp8-EFP.log,0.024523025,5.355758861,-1.146456935,-3.1257
NBC1-BzMe-3.3-CCCCCCHHHHHH-CHHHH-Disp8-EFP.log,0.004442901,6.970517654,-1.146456935,-3.1257
NBC1-BzMe-3.3-CCCCCCHHHHHH-CHHHH-Disp8-EFP.log,0.014461202,6.829160676,-1.146456935,-3.1257
NBC1-BzMe-3.3-CCCCCCHHHHHH-CHHHH-Disp8-EFP.log,0.026161607,7.385604095,-1.146456935,-3.1257
NBC1-BzMe-3.3-CCCCCCHHHHHH-CHHHH-Disp8-EFP.log,0.070831558,5.15731404,-1.146456935,-3.1257
NBC1-BzMe-3.3-CCCCCCHHHHHH-CHHHH-Disp8-EFP.log,0.003960116,7.21183091,-1.146456935,-3.1257
NBC1-BzMe-3.3-CCCCCCHHHHHH-CHHHH-Disp8-EFP.log,0.000318563,6.835640742,-1.146456935,-3.1257
NBC1-BzMe-3.3-CCCCCCHHHHHH-CHHHH-Disp8-EFP.log,0.006577594,7.569347755,-1.146456935,-3.1257
NBC1-BzMe-3.3-CCCCCCHHHHHH-CHHHH-Disp8-EFP.log,0.024522963,5.355759473,-1.146456935,-3.1257
NBC1-BzMe-3.3-CCCCCCHHHHHH-CHHHH-Disp8-EFP.log,0.000724721,7.605314919,-1.146456935,-3.1257
NBC1-BzMe-3.3-CCCCCCHHHHHH-CHHHH-Disp8-EFP.log,0.002904882,8.600641602,-1.146456935,-3.1257
NBC1-BzMe-3.3-CCCCCCHHHHHH-CHHHH-Disp8-EFP.log,0.000724718,7.605314735,-1.146456935,-3.1257
NBC1-BzMe-3.3-CCCCCCHHHHHH-CHHHH-Disp8-EFP.log,0.004100319,6.315948903,-1.146456935,-3.1257
NBC1-BzMe-3.3-CCCCCCHHHHHH-CHHHH-Disp8-EFP.log,0.026161586,7.385603691,-1.146456935,-3.1257
NBC1-BzMe-3.3-CCCCCCHHHHHH-CHHHH-Disp8-EFP.log,0.004442874,6.970517685,-1.146456935,-3.1257
NBC1-BzMe-3.3-CCCCCCHHHHHH-CHHHH-Disp8-EFP.log,0.014461247,6.8291601,-1.146456935,-3.1257
NBC1-BzMe-3.3-CCCCCCHHHHHH-CHHHH-Disp8-EFP.log,0.070831465,5.157313548,-1.146456935,-3.1257
NBC1-BzMe-3.3-CCCCCCHHHHHH-CHHHH-Disp8-EFP.log,0.014461256,6.829160363,-1.146456935,-3.1257
NBC1-BzMe-3.3-CCCCCCHHHHHH-CHHHH-Disp8-EFP.log,0.026161624,7.385603921,-1.146456935,-3.1257
NBC1-BzMe-3.3-CCCCCCHHHHHH-CHHHH-Disp8-EFP.log,0.004442908,6.970517113,-1.146456935,-3.1257
NBC1-BzMe-3.3-CCCCCCHHHHHH-CHHHH-Disp8-EFP.log,0.070831448,5.157313641,-1.146456935,-3.1257
NBC1-BzMe-3.7-CCCCCCHHHHHH-CHHHH-Disp8-EFP.log,0.001789508,9.202003749,-0.461813743,-1.0531
NBC1-BzMe-3.7-CCCCCCHHHHHH-CHHHH-Disp8-EFP.log,0.000223811,8.27929082,-0.461813743,-1.0531
NBC1-BzMe-3.7-CCCCCCHHHHHH-CHHHH-Disp8-EFP.log,0.000223813,8.279290604,-0.461813743,-1.0531
NBC1-BzMe-3.7-CCCCCCHHHHHH-CHHHH-Disp8-EFP.log,0.003237485,6.911556297,-0.461813743,-1.0531
NBC1-BzMe-3.7-CCCCCCHHHHHH-CHHHH-Disp8-EFP.log,0.001334657,8.905062186,-0.461813743,-1.0531
NBC1-BzMe-3.7-CCCCCCHHHHHH-CHHHH-Disp8-EFP.log,0.001448305,7.947950621,-0.461813743,-1.0531
NBC1-BzMe-3.7-CCCCCCHHHHHH-CHHHH-Disp8-EFP.log,0.001334658,8.905062116,-0.461813743,-1.0531
NBC1-BzMe-3.7-CCCCCCHHHHHH-CHHHH-Disp8-EFP.log,0.003204657,6.911556359,-0.461813743,-1.0531
NBC1-BzMe-3.7-CCCCCCHHHHHH-CHHHH-Disp8-EFP.log,0.00022381,8.279290586,-0.461813743,-1.0531
NBC1-BzMe-3.7-CCCCCCHHHHHH-CHHHH-Disp8-EFP.log,0.001789512,9.202003929,-0.461813743,-1.0531
NBC1-BzMe-3.7-CCCCCCHHHHHH-CHHHH-Disp8-EFP.log,0.000223813,8.279290417,-0.461813743,-1.0531
NBC1-BzMe-3.7-CCCCCCHHHHHH-CHHHH-Disp8-EFP.log,0.003237494,6.91155666,-0.461813743,-1.0531
NBC1-BzMe-3.7-CCCCCCHHHHHH-CHHHH-Disp8-EFP.log,0.00240089,7.919364799,-0.461813743,-1.0531
NBC1-BzMe-3.7-CCCCCCHHHHHH-CHHHH-Disp8-EFP.log,0.0035564,8.24626366,-0.461813743,-1.0531
NBC1-BzMe-3.7-CCCCCCHHHHHH-CHHHH-Disp8-EFP.log,0.000791833,7.578378178,-0.461813743,-1.0531
NBC1-BzMe-3.7-CCCCCCHHHHHH-CHHHH-Disp8-EFP.log,0.012417518,6.046698283,-0.461813743,-1.0531
NBC1-BzMe-3.7-CCCCCCHHHHHH-CHHHH-Disp8-EFP.log,0.001448307,7.947950076,-0.461813743,-1.0531
NBC1-BzMe-3.7-CCCCCCHHHHHH-CHHHH-Disp8-EFP.log,0.001334659,8.905062413,-0.461813743,-1.0531
NBC1-BzMe-3.7-CCCCCCHHHHHH-CHHHH-Disp8-EFP.log,0.001334656,8.905061844,-0.461813743,-1.0531
NBC1-BzMe-3.7-CCCCCCHHHHHH-CHHHH-Disp8-EFP.log,0.003204653,6.911556583,-0.461813743,-1.0531
NBC1-BzMe-3.7-CCCCCCHHHHHH-CHHHH-Disp8-EFP.log,0.000791826,7.578378299,-0.461813743,-1.0531
NBC1-BzMe-3.7-CCCCCCHHHHHH-CHHHH-Disp8-EFP.log,0.002400906,7.919365288,-0.461813743,-1.0531
NBC1-BzMe-3.7-CCCCCCHHHHHH-CHHHH-Disp8-EFP.log,0.003556397,8.246263399,-0.461813743,-1.0531
NBC1-BzMe-3.7-CCCCCCHHHHHH-CHHHH-Disp8-EFP.log,0.012417522,6.046698485,-0.461813743,-1.0531
NBC1-BzMe-3.7-CCCCCCHHHHHH-CHHHH-Disp8-EFP.log,0.000223812,8.279290539,-0.461813743,-1.0531
NBC1-BzMe-3.7-CCCCCCHHHHHH-CHHHH-Disp8-EFP.log,0.000223808,8.279291005,-0.461813743,-1.0531
NBC1-BzMe-3.7-CCCCCCHHHHHH-CHHHH-Disp8-EFP.log,0.00178951,9.202003462,-0.461813743,-1.0531
NBC1-BzMe-3.7-CCCCCCHHHHHH-CHHHH-Disp8-EFP.log,0.00323749,6.911556519,-0.461813743,-1.0531
NBC1-BzMe-3.7-CCCCCCHHHHHH-CHHHH-Disp8-EFP.log,0.003556391,8.246263407,-0.461813743,-1.0531
NBC1-BzMe-3.7-CCCCCCHHHHHH-CHHHH-Disp8-EFP.log,0.002400907,7.919365005,-0.461813743,-1.0531
NBC1-BzMe-3.7-CCCCCCHHHHHH-CHHHH-Disp8-EFP.log,0.000791833,7.578378231,-0.461813743,-1.0531
NBC1-BzMe-3.7-CCCCCCHHHHHH-CHHHH-Disp8-EFP.log,0.01241753,6.046698111,-0.461813743,-1.0531
NBC1-BzMe-3.7-CCCCCCHHHHHH-CHHHH-Disp8-EFP.log,0.001334656,8.905062249,-0.461813743,-1.0531
NBC1-BzMe-3.7-CCCCCCHHHHHH-CHHHH-Disp8-EFP.log,0.001334658,8.905062376,-0.461813743,-1.0531
NBC1-BzMe-3.7-CCCCCCHHHHHH-CHHHH-Disp8-EFP.log,0.001448305,7.947950267,-0.461813743,-1.0531
NBC1-BzMe-3.7-CCCCCCHHHHHH-CHHHH-Disp8-EFP.log,0.003204661,6.911556513,-0.461813743,-1.0531
NBC1-BzMe-3.7-CCCCCCHHHHHH-CHHHH-Disp8-EFP.log,0.000791825,7.578378317,-0.461813743,-1.0531
NBC1-BzMe-3.7-CCCCCCHHHHHH-CHHHH-Disp8-EFP.log,0.003556405,8.246263977,-0.461813743,-1.0531
NBC1-BzMe-3.7-CCCCCCHHHHHH-CHHHH-Disp8-EFP.log,0.002400894,7.919364773,-0.461813743,-1.0531
NBC1-BzMe-3.7-CCCCCCHHHHHH-CHHHH-Disp8-EFP.log,0.012417516,6.046698587,-0.461813743,-1.0531
NBC1-BzMe-3.7-CCCCCCHHHHHH-CHHHH-Disp8-EFP.log,0.016673373,8.084708335,-0.461813743,-1.0531
NBC1-BzMe-3.7-CCCCCCHHHHHH-CHHHH-Disp8-EFP.log,0.00540414,7.605015249,-0.461813743,-1.0531
NBC1-BzMe-3.7-CCCCCCHHHHHH-CHHHH-Disp8-EFP.log,0.002895501,7.661034592,-0.461813743,-1.0531
NBC1-BzMe-3.7-CCCCCCHHHHHH-CHHHH-Disp8-EFP.log,0.043578267,5.871651427,-0.461813743,-1.0531
NBC1-BzMe-3.7-CCCCCCHHHHHH-CHHHH-Disp8-EFP.log,0.003556389,8.246263596,-0.461813743,-1.0531
NBC1-BzMe-3.7-CCCCCCHHHHHH-CHHHH-Disp8-EFP.log,0.00079184,7.578378661,-0.461813743,-1.0531
NBC1-BzMe-3.7-CCCCCCHHHHHH-CHHHH-Disp8-EFP.log,0.002400897,7.919364834,-0.461813743,-1.0531
NBC1-BzMe-3.7-CCCCCCHHHHHH-CHHHH-Disp8-EFP.log,0.012417522,6.046698245,-0.461813743,-1.0531
NBC1-BzMe-3.7-CCCCCCHHHHHH-CHHHH-Disp8-EFP.log,0.002400892,7.919364736,-0.461813743,-1.0531
NBC1-BzMe-3.7-CCCCCCHHHHHH-CHHHH-Disp8-EFP.log,0.000791845,7.578378634,-0.461813743,-1.0531
NBC1-BzMe-3.7-CCCCCCHHHHHH-CHHHH-Disp8-EFP.log,0.003556401,8.246263157,-0.461813743,-1.0531
NBC1-BzMe-3.7-CCCCCCHHHHHH-CHHHH-Disp8-EFP.log,0.012417536,6.046698105,-0.461813743,-1.0531
NBC1-BzMe-3.7-CCCCCCHHHHHH-CHHHH-Disp8-EFP.log,0.005404196,7.605014634,-0.461813743,-1.0531
NBC1-BzMe-3.7-CCCCCCHHHHHH-CHHHH-Disp8-EFP.log,0.00289548,7.661034952,-0.461813743,-1.0531
NBC1-BzMe-3.7-CCCCCCHHHHHH-CHHHH-Disp8-EFP.log,0.016673411,8.084707616,-0.461813743,-1.0531
NBC1-BzMe-3.7-CCCCCCHHHHHH-CHHHH-Disp8-EFP.log,0.043578189,5.871651162,-0.461813743,-1.0531
NBC1-BzMe-3.7-CCCCCCHHHHHH-CHHHH-Disp8-EFP.log,0.002895547,7.661034298,-0.461813743,-1.0531
NBC1-BzMe-3.7-CCCCCCHHHHHH-CHHHH-Disp8-EFP.log,0.016673422,8.084708105,-0.461813743,-1.0531
NBC1-BzMe-3.7-CCCCCCHHHHHH-CHHHH-Disp8-EFP.log,0.005404169,7.605014744,-0.461813743,-1.0531
NBC1-BzMe-3.7-CCCCCCHHHHHH-CHHHH-Disp8-EFP.log,0.043578183,5.871651204,-0.461813743,-1.0531
NBC1-MeMe-3.2-CHHHH-CHHHH-Disp8-EFP.log,0.032406065,5.280282669,-0.484601983,-1.0474
NBC1-MeMe-3.2-CHHHH-CHHHH-Disp8-EFP.log,0.032406017,5.280283021,-0.484601983,-1.0474
NBC1-MeMe-3.2-CHHHH-CHHHH-Disp8-EFP.log,0.000697863,5.755714199,-0.484601983,-1.0474
NBC1-MeMe-3.2-CHHHH-CHHHH-Disp8-EFP.log,0.018838913,7.10639675,-0.484601983,-1.0474
NBC1-MeMe-3.2-CHHHH-CHHHH-Disp8-EFP.log,0.000697916,5.75571389,-0.484601983,-1.0474
NBC1-MeMe-3.2-CHHHH-CHHHH-Disp8-EFP.log,0.032406061,5.280282705,-0.484601983,-1.0474
NBC1-MeMe-3.2-CHHHH-CHHHH-Disp8-EFP.log,0.032406048,5.280282776,-0.484601983,-1.0474
NBC1-MeMe-3.2-CHHHH-CHHHH-Disp8-EFP.log,0.018838915,7.106396543,-0.484601983,-1.0474
NBC1-MeMe-3.2-CHHHH-CHHHH-Disp8-EFP.log,0.03240604,5.280282819,-0.484601983,-1.0474
NBC1-MeMe-3.2-CHHHH-CHHHH-Disp8-EFP.log,0.000697849,5.755714145,-0.484601983,-1.0474
NBC1-MeMe-3.2-CHHHH-CHHHH-Disp8-EFP.log,0.032406031,5.280283018,-0.484601983,-1.0474
NBC1-MeMe-3.2-CHHHH-CHHHH-Disp8-EFP.log,0.018838906,7.106396805,-0.484601983,-1.0474
NBC1-MeMe-3.2-CHHHH-CHHHH-Disp8-EFP.log,0.018838932,7.106396571,-0.484601983,-1.0474
NBC1-MeMe-3.2-CHHHH-CHHHH-Disp8-EFP.log,0.018838907,7.106396748,-0.484601983,-1.0474
NBC1-MeMe-3.2-CHHHH-CHHHH-Disp8-EFP.log,0.018838897,7.106396746,-0.484601983,-1.0474
NBC1-MeMe-3.2-CHHHH-CHHHH-Disp8-EFP.log,0.010710425,8.852525964,-0.484601983,-1.0474
NBC1-MeMe-3.3-CHHHH-CHHHH-Disp8-EFP.log,0.000615406,5.924188111,-0.349181399,-0.7324
NBC1-MeMe-3.3-CHHHH-CHHHH-Disp8-EFP.log,0.027538764,5.463437095,-0.349181399,-0.7324
NBC1-MeMe-3.3-CHHHH-CHHHH-Disp8-EFP.log,0.027538725,5.463437625,-0.349181399,-0.7324
NBC1-MeMe-3.3-CHHHH-CHHHH-Disp8-EFP.log,0.016469142,7.292153174,-0.349181399,-0.7324
NBC1-MeMe-3.3-CHHHH-CHHHH-Disp8-EFP.log,0.027538759,5.463437275,-0.349181399,-0.7324
NBC1-MeMe-3.3-CHHHH-CHHHH-Disp8-EFP.log,0.000615437,5.924187976,-0.349181399,-0.7324
NBC1-MeMe-3.3-CHHHH-CHHHH-Disp8-EFP.log,0.027538725,5.463437628,-0.349181399,-0.7324
NBC1-MeMe-3.3-CHHHH-CHHHH-Disp8-EFP.log,0.016469162,7.292153235,-0.349181399,-0.7324
NBC1-MeMe-3.3-CHHHH-CHHHH-Disp8-EFP.log,0.027538721,5.463437585,-0.349181399,-0.7324
NBC1-MeMe-3.3-CHHHH-CHHHH-Disp8-EFP.log,0.027538751,5.463437276,-0.349181399,-0.7324
NBC1-MeMe-3.3-CHHHH-CHHHH-Disp8-EFP.log,0.00061536,5.924188483,-0.349181399,-0.7324
NBC1-MeMe-3.3-CHHHH-CHHHH-Disp8-EFP.log,0.016469124,7.292153326,-0.349181399,-0.7324
NBC1-MeMe-3.3-CHHHH-CHHHH-Disp8-EFP.log,0.016469174,7.292152885,-0.349181399,-0.7324
NBC1-MeMe-3.3-CHHHH-CHHHH-Disp8-EFP.log,0.016469169,7.292152595,-0.349181399,-0.7324
NBC1-MeMe-3.3-CHHHH-CHHHH-Disp8-EFP.log,0.016469153,7.292153135,-0.349181399,-0.7324
NBC1-MeMe-3.3-CHHHH-CHHHH-Disp8-EFP.log,0.009821572,9.041498774,-0.349181399,-0.7324
NBC1-MeMe-3.4-CHHHH-CHHHH-Disp8-EFP.log,0.000530077,6.093865148,-0.252681057,-0.5099
NBC1-MeMe-3.4-CHHHH-CHHHH-Disp8-EFP.log,0.023370164,5.646975182,-0.252681057,-0.5099
NBC1-MeMe-3.4-CHHHH-CHHHH-Disp8-EFP.log,0.023370124,5.646975756,-0.252681057,-0.5099
NBC1-MeMe-3.4-CHHHH-CHHHH-Disp8-EFP.log,0.014349321,7.478070318,-0.252681057,-0.5099
NBC1-MeMe-3.4-CHHHH-CHHHH-Disp8-EFP.log,0.023370146,5.64697558,-0.252681057,-0.5099
NBC1-MeMe-3.4-CHHHH-CHHHH-Disp8-EFP.log,0.000530115,6.09386477,-0.252681057,-0.5099
NBC1-MeMe-3.4-CHHHH-CHHHH-Disp8-EFP.log,0.02337013,5.646975713,-0.252681057,-0.5099
NBC1-MeMe-3.4-CHHHH-CHHHH-Disp8-EFP.log,0.01434935,7.478070421,-0.252681057,-0.5099
NBC1-MeMe-3.4-CHHHH-CHHHH-Disp8-EFP.log,0.023370114,5.646975896,-0.252681057,-0.5099
NBC1-MeMe-3.4-CHHHH-CHHHH-Disp8-EFP.log,0.023370146,5.646975413,-0.252681057,-0.5099
NBC1-MeMe-3.4-CHHHH-CHHHH-Disp8-EFP.log,0.000530043,6.093865218,-0.252681057,-0.5099
NBC1-MeMe-3.4-CHHHH-CHHHH-Disp8-EFP.log,0.014349326,7.478070565,-0.252681057,-0.5099
NBC1-MeMe-3.4-CHHHH-CHHHH-Disp8-EFP.log,0.014349334,7.478070625,-0.252681057,-0.5099
NBC1-MeMe-3.4-CHHHH-CHHHH-Disp8-EFP.log,0.014349338,7.478070125,-0.252681057,-0.5099
NBC1-MeMe-3.4-CHHHH-CHHHH-Disp8-EFP.log,0.01434932,7.478070652,-0.252681057,-0.5099
NBC1-MeMe-3.4-CHHHH-CHHHH-Disp8-EFP.log,0.008930993,9.230471082,-0.252681057,-0.5099
NBC1-MeMe-3.5-CHHHH-CHHHH-Disp8-EFP.log,0.019809948,5.830860538,-0.183780067,-0.3532
NBC1-MeMe-3.5-CHHHH-CHHHH-Disp8-EFP.log,0.01980994,5.830860366,-0.183780067,-0.3532
NBC1-MeMe-3.5-CHHHH-CHHHH-Disp8-EFP.log,0.000447616,6.264646247,-0.183780067,-0.3532
NBC1-MeMe-3.5-CHHHH-CHHHH-Disp8-EFP.log,0.012465114,7.664137015,-0.183780067,-0.3532
NBC1-MeMe-3.5-CHHHH-CHHHH-Disp8-EFP.log,0.019809909,5.830861232,-0.183780067,-0.3532
NBC1-MeMe-3.5-CHHHH-CHHHH-Disp8-EFP.log,0.000447598,6.264646497,-0.183780067,-0.3532
NBC1-MeMe-3.5-CHHHH-CHHHH-Disp8-EFP.log,0.019809924,5.830861143,-0.183780067,-0.3532
NBC1-MeMe-3.5-CHHHH-CHHHH-Disp8-EFP.log,0.012465087,7.664137635,-0.183780067,-0.3532
NBC1-MeMe-3.5-CHHHH-CHHHH-Disp8-EFP.log,0.000447601,6.264646721,-0.183780067,-0.3532
NBC1-MeMe-3.5-CHHHH-CHHHH-Disp8-EFP.log,0.019809941,5.830860642,-0.183780067,-0.3532
NBC1-MeMe-3.5-CHHHH-CHHHH-Disp8-EFP.log,0.01980992,5.830861008,-0.183780067,-0.3532
NBC1-MeMe-3.5-CHHHH-CHHHH-Disp8-EFP.log,0.01246509,7.66413737,-0.183780067,-0.3532
NBC1-MeMe-3.5-CHHHH-CHHHH-Disp8-EFP.log,0.012465083,7.664137524,-0.183780067,-0.3532
NBC1-MeMe-3.5-CHHHH-CHHHH-Disp8-EFP.log,0.0124651,7.664137232,-0.183780067,-0.3532
NBC1-MeMe-3.5-CHHHH-CHHHH-Disp8-EFP.log,0.012465093,7.664137599,-0.183780067,-0.3532
NBC1-MeMe-3.5-CHHHH-CHHHH-Disp8-EFP.log,0.008061497,9.419443775,-0.183780067,-0.3532
NBC1-MeMe-3.6-CHHHH-CHHHH-Disp8-EFP.log,0.000371576,6.436445019,-0.134452839,-0.2431
NBC1-MeMe-3.6-CHHHH-CHHHH-Disp8-EFP.log,0.016777208,6.015061911,-0.134452839,-0.2431
NBC1-MeMe-3.6-CHHHH-CHHHH-Disp8-EFP.log,0.016777214,6.015062053,-0.134452839,-0.2431
NBC1-MeMe-3.6-CHHHH-CHHHH-Disp8-EFP.log,0.010800039,7.850343416,-0.134452839,-0.2431
NBC1-MeMe-3.6-CHHHH-CHHHH-Disp8-EFP.log,0.016777247,6.015061063,-0.134452839,-0.2431
NBC1-MeMe-3.6-CHHHH-CHHHH-Disp8-EFP.log,0.000371604,6.436444644,-0.134452839,-0.2431
NBC1-MeMe-3.6-CHHHH-CHHHH-Disp8-EFP.log,0.016777223,6.015061556,-0.134452839,-0.2431
NBC1-MeMe-3.6-CHHHH-CHHHH-Disp8-EFP.log,0.010800061,7.850342799,-0.134452839,-0.2431
NBC1-MeMe-3.6-CHHHH-CHHHH-Disp8-EFP.log,0.016777219,6.015061499,-0.134452839,-0.2431
NBC1-MeMe-3.6-CHHHH-CHHHH-Disp8-EFP.log,0.016777237,6.015061499,-0.134452839,-0.2431
NBC1-MeMe-3.6-CHHHH-CHHHH-Disp8-EFP.log,0.000371581,6.436445388,-0.134452839,-0.2431
NBC1-MeMe-3.6-CHHHH-CHHHH-Disp8-EFP.log,0.010800034,7.850343045,-0.134452839,-0.2431
NBC1-MeMe-3.6-CHHHH-CHHHH-Disp8-EFP.log,0.010800054,7.850342721,-0.134452839,-0.2431
NBC1-MeMe-3.6-CHHHH-CHHHH-Disp8-EFP.log,0.010800058,7.850342957,-0.134452839,-0.2431
NBC1-MeMe-3.6-CHHHH-CHHHH-Disp8-EFP.log,0.010800038,7.850343154,-0.134452839,-0.2431
NBC1-MeMe-3.6-CHHHH-CHHHH-Disp8-EFP.log,0.007229861,9.608415977,-0.134452839,-0.2431
NBC1-MeMe-3.7-CHHHH-CHHHH-Disp8-EFP.log,0.000304085,6.609181153,-0.09901659,-0.1661
NBC1-MeMe-3.7-CHHHH-CHHHH-Disp8-EFP.log,0.014200074,6.199549141,-0.09901659,-0.1661
NBC1-MeMe-3.7-CHHHH-CHHHH-Disp8-EFP.log,0.014200047,6.19954973,-0.09901659,-0.1661
NBC1-MeMe-3.7-CHHHH-CHHHH-Disp8-EFP.log,0.00933652,8.036678083,-0.09901659,-0.1661
NBC1-MeMe-3.7-CHHHH-CHHHH-Disp8-EFP.log,0.014200074,6.199549136,-0.09901659,-0.1661
NBC1-MeMe-3.7-CHHHH-CHHHH-Disp8-EFP.log,0.000304122,6.609180173,-0.09901659,-0.1661
NBC1-MeMe-3.7-CHHHH-CHHHH-Disp8-EFP.log,0.014200065,6.19954926,-0.09901659,-0.1661
NBC1-MeMe-3.7-CHHHH-CHHHH-Disp8-EFP.log,0.009336547,8.036677716,-0.09901659,-0.1661
NBC1-MeMe-3.7-CHHHH-CHHHH-Disp8-EFP.log,0.014200047,6.199549731,-0.09901659,-0.1661
NBC1-MeMe-3.7-CHHHH-CHHHH-Disp8-EFP.log,0.014200065,6.199549258,-0.09901659,-0.1661
NBC1-MeMe-3.7-CHHHH-CHHHH-Disp8-EFP.log,0.000304067,6.609180982,-0.09901659,-0.1661
NBC1-MeMe-3.7-CHHHH-CHHHH-Disp8-EFP.log,0.009336524,8.036678174,-0.09901659,-0.1661
NBC1-MeMe-3.7-CHHHH-CHHHH-Disp8-EFP.log,0.009336521,8.036678077,-0.09901659,-0.1661
NBC1-MeMe-3.7-CHHHH-CHHHH-Disp8-EFP.log,0.009336547,8.036677715,-0.09901659,-0.1661
NBC1-MeMe-3.7-CHHHH-CHHHH-Disp8-EFP.log,0.009336525,8.036678171,-0.09901659,-0.1661
NBC1-MeMe-3.7-CHHHH-CHHHH-Disp8-EFP.log,0.00644758,9.797388827,-0.09901659,-0.1661
NBC1-MeMe-3.8-CHHHH-CHHHH-Disp8-EFP.log,0.012014757,6.384299397,-0.073450619,-0.1123
NBC1-MeMe-3.8-CHHHH-CHHHH-Disp8-EFP.log,0.000246008,6.78278213,-0.073450619,-0.1123
NBC1-MeMe-3.8-CHHHH-CHHHH-Disp8-EFP.log,0.012014761,6.384299397,-0.073450619,-0.1123
NBC1-MeMe-3.8-CHHHH-CHHHH-Disp8-EFP.log,0.008056424,8.223133095,-0.073450619,-0.1123
NBC1-MeMe-3.8-CHHHH-CHHHH-Disp8-EFP.log,0.000245986,6.782782637,-0.073450619,-0.1123
NBC1-MeMe-3.8-CHHHH-CHHHH-Disp8-EFP.log,0.012014762,6.384299428,-0.073450619,-0.1123
NBC1-MeMe-3.8-CHHHH-CHHHH-Disp8-EFP.log,0.012014746,6.384299785,-0.073450619,-0.1123
NBC1-MeMe-3.8-CHHHH-CHHHH-Disp8-EFP.log,0.008056409,8.223133361,-0.073450619,-0.1123
NBC1-MeMe-3.8-CHHHH-CHHHH-Disp8-EFP.log,0.012014751,6.384299616,-0.073450619,-0.1123
NBC1-MeMe-3.8-CHHHH-CHHHH-Disp8-EFP.log,0.012014758,6.384299396,-0.073450619,-0.1123
NBC1-MeMe-3.8-CHHHH-CHHHH-Disp8-EFP.log,0.000245987,6.782782558,-0.073450619,-0.1123
NBC1-MeMe-3.8-CHHHH-CHHHH-Disp8-EFP.log,0.008056416,8.223133302,-0.073450619,-0.1123
NBC1-MeMe-3.8-CHHHH-CHHHH-Disp8-EFP.log,0.008056409,8.223133506,-0.073450619,-0.1123
NBC1-MeMe-3.8-CHHHH-CHHHH-Disp8-EFP.log,0.008056418,8.2231333,-0.073450619,-0.1123
NBC1-MeMe-3.8-CHHHH-CHHHH-Disp8-EFP.log,0.008056406,8.223133539,-0.073450619,-0.1123
NBC1-MeMe-3.8-CHHHH-CHHHH-Disp8-EFP.log,0.00572195,9.986361677,-0.073450619,-0.1123
NBC1-MeMe-3.9-CHHHH-CHHHH-Disp8-EFP.log,0.00019735,6.957185453,-0.054911367,-0.0749
NBC1-MeMe-3.9-CHHHH-CHHHH-Disp8-EFP.log,0.010165285,6.569289957,-0.054911367,-0.0749
NBC1-MeMe-3.9-CHHHH-CHHHH-Disp8-EFP.log,0.010165275,6.569290317,-0.054911367,-0.0749
NBC1-MeMe-3.9-CHHHH-CHHHH-Disp8-EFP.log,0.006941633,8.409700959,-0.054911367,-0.0749
NBC1-MeMe-3.9-CHHHH-CHHHH-Disp8-EFP.log,0.010165291,6.569289756,-0.054911367,-0.0749
NBC1-MeMe-3.9-CHHHH-CHHHH-Disp8-EFP.log,0.010165286,6.569289766,-0.054911367,-0.0749
NBC1-MeMe-3.9-CHHHH-CHHHH-Disp8-EFP.log,0.000197351,6.957185567,-0.054911367,-0.0749
NBC1-MeMe-3.9-CHHHH-CHHHH-Disp8-EFP.log,0.006941627,8.409700621,-0.054911367,-0.0749
NBC1-MeMe-3.9-CHHHH-CHHHH-Disp8-EFP.log,0.01016528,6.56929012,-0.054911367,-0.0749
NBC1-MeMe-3.9-CHHHH-CHHHH-Disp8-EFP.log,0.000197349,6.957185372,-0.054911367,-0.0749
NBC1-MeMe-3.9-CHHHH-CHHHH-Disp8-EFP.log,0.010165281,6.569290302,-0.054911367,-0.0749
NBC1-MeMe-3.9-CHHHH-CHHHH-Disp8-EFP.log,0.006941631,8.409700995,-0.054911367,-0.0749
NBC1-MeMe-3.9-CHHHH-CHHHH-Disp8-EFP.log,0.006941624,8.409700925,-0.054911367,-0.0749
NBC1-MeMe-3.9-CHHHH-CHHHH-Disp8-EFP.log,0.00694163,8.409700886,-0.054911367,-0.0749
NBC1-MeMe-3.9-CHHHH-CHHHH-Disp8-EFP.log,0.006941625,8.409701256,-0.054911367,-0.0749
NBC1-MeMe-3.9-CHHHH-CHHHH-Disp8-EFP.log,0.005056794,10.17533401,-0.054911367,-0.0749
NBC1-MeMe-4.0-CHHHH-CHHHH-Disp8-EFP.log,0.00860263,6.754500944,-0.041387858,-0.049
NBC1-MeMe-4.0-CHHHH-CHHHH-Disp8-EFP.log,0.008602635,6.754500566,-0.041387858,-0.049
NBC1-MeMe-4.0-CHHHH-CHHHH-Disp8-EFP.log,0.000157664,7.132330676,-0.041387858,-0.049
NBC1-MeMe-4.0-CHHHH-CHHHH-Disp8-EFP.log,0.005974611,8.596373577,-0.041387858,-0.049
NBC1-MeMe-4.0-CHHHH-CHHHH-Disp8-EFP.log,0.008602634,6.754500718,-0.041387858,-0.049
NBC1-MeMe-4.0-CHHHH-CHHHH-Disp8-EFP.log,0.000157688,7.132329945,-0.041387858,-0.049
NBC1-MeMe-4.0-CHHHH-CHHHH-Disp8-EFP.log,0.008602639,6.754500703,-0.041387858,-0.049
NBC1-MeMe-4.0-CHHHH-CHHHH-Disp8-EFP.log,0.005974619,8.596373341,-0.041387858,-0.049
NBC1-MeMe-4.0-CHHHH-CHHHH-Disp8-EFP.log,0.000157664,7.132330911,-0.041387858,-0.049
NBC1-MeMe-4.0-CHHHH-CHHHH-Disp8-EFP.log,0.008602641,6.754500643,-0.041387858,-0.049
NBC1-MeMe-4.0-CHHHH-CHHHH-Disp8-EFP.log,0.00860262,6.754501289,-0.041387858,-0.049
NBC1-MeMe-4.0-CHHHH-CHHHH-Disp8-EFP.log,0.005974602,8.596373723,-0.041387858,-0.049
NBC1-MeMe-4.0-CHHHH-CHHHH-Disp8-EFP.log,0.005974597,8.596374107,-0.041387858,-0.049
NBC1-MeMe-4.0-CHHHH-CHHHH-Disp8-EFP.log,0.005974613,8.596373732,-0.041387858,-0.049
NBC1-MeMe-4.0-CHHHH-CHHHH-Disp8-EFP.log,0.005974595,8.596374181,-0.041387858,-0.049
NBC1-MeMe-4.0-CHHHH-CHHHH-Disp8-EFP.log,0.004453186,10.36430698,-0.041387858,-0.049
NBC1-MeMe-4.1-CHHHH-CHHHH-Disp8-EFP.log,0.000126108,7.308164753,-0.031457089,-0.0312
NBC1-MeMe-4.1-CHHHH-CHHHH-Disp8-EFP.log,0.007284115,6.93991501,-0.031457089,-0.0312
NBC1-MeMe-4.1-CHHHH-CHHHH-Disp8-EFP.log,0.007284118,6.939914969,-0.031457089,-0.0312
NBC1-MeMe-4.1-CHHHH-CHHHH-Disp8-EFP.log,0.005138651,8.783145069,-0.031457089,-0.0312
NBC1-MeMe-4.1-CHHHH-CHHHH-Disp8-EFP.log,0.007284131,6.939914003,-0.031457089,-0.0312
NBC1-MeMe-4.1-CHHHH-CHHHH-Disp8-EFP.log,0.007284123,6.939914468,-0.031457089,-0.0312
NBC1-MeMe-4.1-CHHHH-CHHHH-Disp8-EFP.log,0.000126109,7.308164631,-0.031457089,-0.0312
NBC1-MeMe-4.1-CHHHH-CHHHH-Disp8-EFP.log,0.005138659,8.783144478,-0.031457089,-0.0312
NBC1-MeMe-4.1-CHHHH-CHHHH-Disp8-EFP.log,0.007284123,6.939914471,-0.031457089,-0.0312
NBC1-MeMe-4.1-CHHHH-CHHHH-Disp8-EFP.log,0.000126098,7.308165069,-0.031457089,-0.0312
NBC1-MeMe-4.1-CHHHH-CHHHH-Disp8-EFP.log,0.007284116,6.93991492,-0.031457089,-0.0312
NBC1-MeMe-4.1-CHHHH-CHHHH-Disp8-EFP.log,0.005138646,8.7831449,-0.031457089,-0.0312
NBC1-MeMe-4.1-CHHHH-CHHHH-Disp8-EFP.log,0.005138656,8.783144437,-0.031457089,-0.0312
NBC1-MeMe-4.1-CHHHH-CHHHH-Disp8-EFP.log,0.005138651,8.783144935,-0.031457089,-0.0312
NBC1-MeMe-4.1-CHHHH-CHHHH-Disp8-EFP.log,0.005138651,8.783144953,-0.031457089,-0.0312
NBC1-MeMe-4.1-CHHHH-CHHHH-Disp8-EFP.log,0.00391022,10.55327932,-0.031457089,-0.0312
NBC1-MeMe-4.2-CHHHH-CHHHH-Disp8-EFP.log,0.006172786,7.125515446,-0.024110904,-0.019
NBC1-MeMe-4.2-CHHHH-CHHHH-Disp8-EFP.log,0.006172782,7.125515484,-0.024110904,-0.019
NBC1-MeMe-4.2-CHHHH-CHHHH-Disp8-EFP.log,0.000101623,7.484639704,-0.024110904,-0.019
NBC1-MeMe-4.2-CHHHH-CHHHH-Disp8-EFP.log,0.004418133,8.970008262,-0.024110904,-0.019
NBC1-MeMe-4.2-CHHHH-CHHHH-Disp8-EFP.log,0.006172788,7.125515085,-0.024110904,-0.019
NBC1-MeMe-4.2-CHHHH-CHHHH-Disp8-EFP.log,0.000101638,7.484639115,-0.024110904,-0.019
NBC1-MeMe-4.2-CHHHH-CHHHH-Disp8-EFP.log,0.006172795,7.125515118,-0.024110904,-0.019
NBC1-MeMe-4.2-CHHHH-CHHHH-Disp8-EFP.log,0.004418136,8.970007777,-0.024110904,-0.019
NBC1-MeMe-4.2-CHHHH-CHHHH-Disp8-EFP.log,0.000101625,7.484639456,-0.024110904,-0.019
NBC1-MeMe-4.2-CHHHH-CHHHH-Disp8-EFP.log,0.00617279,7.125515385,-0.024110904,-0.019
NBC1-MeMe-4.2-CHHHH-CHHHH-Disp8-EFP.log,0.006172777,7.125515769,-0.024110904,-0.019
NBC1-MeMe-4.2-CHHHH-CHHHH-Disp8-EFP.log,0.004418132,8.970008286,-0.024110904,-0.019
NBC1-MeMe-4.2-CHHHH-CHHHH-Disp8-EFP.log,0.004418135,8.970008029,-0.024110904,-0.019
NBC1-MeMe-4.2-CHHHH-CHHHH-Disp8-EFP.log,0.004418139,8.970008053,-0.024110904,-0.019
NBC1-MeMe-4.2-CHHHH-CHHHH-Disp8-EFP.log,0.004418128,8.970008158,-0.024110904,-0.019
NBC1-MeMe-4.2-CHHHH-CHHHH-Disp8-EFP.log,0.003425451,10.74225188,-0.024110904,-0.019
NBC1-MeMe-4.3-CHHHH-CHHHH-Disp8-EFP.log,8.31E-05,7.661710291,-0.018633692,-0.0108
NBC1-MeMe-4.3-CHHHH-CHHHH-Disp8-EFP.log,0.005236761,7.311288695,-0.018633692,-0.0108
NBC1-MeMe-4.3-CHHHH-CHHHH-Disp8-EFP.log,0.005236755,7.311289012,-0.018633692,-0.0108
NBC1-MeMe-4.3-CHHHH-CHHHH-Disp8-EFP.log,0.003798648,9.15695802,-0.018633692,-0.0108
NBC1-MeMe-4.3-CHHHH-CHHHH-Disp8-EFP.log,0.00523676,7.311288712,-0.018633692,-0.0108
NBC1-MeMe-4.3-CHHHH-CHHHH-Disp8-EFP.log,8.32E-05,7.661709841,-0.018633692,-0.0108
NBC1-MeMe-4.3-CHHHH-CHHHH-Disp8-EFP.log,0.005236758,7.311288795,-0.018633692,-0.0108
NBC1-MeMe-4.3-CHHHH-CHHHH-Disp8-EFP.log,0.003798653,9.156957853,-0.018633692,-0.0108
NBC1-MeMe-4.3-CHHHH-CHHHH-Disp8-EFP.log,0.005236755,7.311289016,-0.018633692,-0.0108
NBC1-MeMe-4.3-CHHHH-CHHHH-Disp8-EFP.log,0.005236758,7.311288795,-0.018633692,-0.0108
NBC1-MeMe-4.3-CHHHH-CHHHH-Disp8-EFP.log,8.31E-05,7.66171028,-0.018633692,-0.0108
NBC1-MeMe-4.3-CHHHH-CHHHH-Disp8-EFP.log,0.003798649,9.156958099,-0.018633692,-0.0108
NBC1-MeMe-4.3-CHHHH-CHHHH-Disp8-EFP.log,0.003798648,9.156958039,-0.018633692,-0.0108
NBC1-MeMe-4.3-CHHHH-CHHHH-Disp8-EFP.log,0.003798653,9.156957857,-0.018633692,-0.0108
NBC1-MeMe-4.3-CHHHH-CHHHH-Disp8-EFP.log,0.003798648,9.156958106,-0.018633692,-0.0108
NBC1-MeMe-4.3-CHHHH-CHHHH-Disp8-EFP.log,0.002995445,10.93122453,-0.018633692,-0.0108
NBC1-MeMe-4.4-CHHHH-CHHHH-Disp8-EFP.log,0.004448685,7.497222293,-0.014516103,-0.0053
NBC1-MeMe-4.4-CHHHH-CHHHH-Disp8-EFP.log,6.96E-05,7.839336553,-0.014516103,-0.0053
NBC1-MeMe-4.4-CHHHH-CHHHH-Disp8-EFP.log,0.004448685,7.497222345,-0.014516103,-0.0053
NBC1-MeMe-4.4-CHHHH-CHHHH-Disp8-EFP.log,0.0032671,9.34398932,-0.014516103,-0.0053
NBC1-MeMe-4.4-CHHHH-CHHHH-Disp8-EFP.log,0.004448685,7.497222146,-0.014516103,-0.0053
NBC1-MeMe-4.4-CHHHH-CHHHH-Disp8-EFP.log,0.004448689,7.497221933,-0.014516103,-0.0053
NBC1-MeMe-4.4-CHHHH-CHHHH-Disp8-EFP.log,6.96E-05,7.839336567,-0.014516103,-0.0053
NBC1-MeMe-4.4-CHHHH-CHHHH-Disp8-EFP.log,0.003267101,9.343989126,-0.014516103,-0.0053
NBC1-MeMe-4.4-CHHHH-CHHHH-Disp8-EFP.log,6.96E-05,7.839336765,-0.014516103,-0.0053
NBC1-MeMe-4.4-CHHHH-CHHHH-Disp8-EFP.log,0.004448687,7.497222172,-0.014516103,-0.0053
NBC1-MeMe-4.4-CHHHH-CHHHH-Disp8-EFP.log,0.004448683,7.497222429,-0.014516103,-0.0053
NBC1-MeMe-4.4-CHHHH-CHHHH-Disp8-EFP.log,0.003267097,9.343989342,-0.014516103,-0.0053
NBC1-MeMe-4.4-CHHHH-CHHHH-Disp8-EFP.log,0.0032671,9.343989308,-0.014516103,-0.0053
NBC1-MeMe-4.4-CHHHH-CHHHH-Disp8-EFP.log,0.0032671,9.343989092,-0.014516103,-0.0053
NBC1-MeMe-4.4-CHHHH-CHHHH-Disp8-EFP.log,0.003267099,9.343989373,-0.014516103,-0.0053
NBC1-MeMe-4.4-CHHHH-CHHHH-Disp8-EFP.log,0.002616133,11.12019713,-0.014516103,-0.0053
NBC1-MeMe-4.6-CHHHH-CHHHH-Disp8-EFP.log,5.34E-05,8.196112355,-0.00900695,0.0007
NBC1-MeMe-4.6-CHHHH-CHHHH-Disp8-EFP.log,0.00322643,7.869523237,-0.00900695,0.0007
NBC1-MeMe-4.6-CHHHH-CHHHH-Disp8-EFP.log,0.003226426,7.869523521,-0.00900695,0.0007
NBC1-MeMe-4.6-CHHHH-CHHHH-Disp8-EFP.log,0.002421936,9.718277145,-0.00900695,0.0007
NBC1-MeMe-4.6-CHHHH-CHHHH-Disp8-EFP.log,0.00322643,7.869523238,-0.00900695,0.0007
NBC1-MeMe-4.6-CHHHH-CHHHH-Disp8-EFP.log,5.34E-05,8.196111965,-0.00900695,0.0007
NBC1-MeMe-4.6-CHHHH-CHHHH-Disp8-EFP.log,0.003226428,7.869523338,-0.00900695,0.0007
NBC1-MeMe-4.6-CHHHH-CHHHH-Disp8-EFP.log,0.002421939,9.718276998,-0.00900695,0.0007
NBC1-MeMe-4.6-CHHHH-CHHHH-Disp8-EFP.log,0.003226426,7.869523521,-0.00900695,0.0007
NBC1-MeMe-4.6-CHHHH-CHHHH-Disp8-EFP.log,0.003226429,7.869523337,-0.00900695,0.0007
NBC1-MeMe-4.6-CHHHH-CHHHH-Disp8-EFP.log,5.33E-05,8.19611238,-0.00900695,0.0007
NBC1-MeMe-4.6-CHHHH-CHHHH-Disp8-EFP.log,0.002421936,9.718277226,-0.00900695,0.0007
NBC1-MeMe-4.6-CHHHH-CHHHH-Disp8-EFP.log,0.002421936,9.718277145,-0.00900695,0.0007
NBC1-MeMe-4.6-CHHHH-CHHHH-Disp8-EFP.log,0.002421939,9.718276997,-0.00900695,0.0007
NBC1-MeMe-4.6-CHHHH-CHHHH-Disp8-EFP.log,0.002421936,9.718277226,-0.00900695,0.0007
NBC1-MeMe-4.6-CHHHH-CHHHH-Disp8-EFP.log,0.001991869,11.49814234,-0.00900695,0.0007
NBC1-MeMe-4.8-CHHHH-CHHHH-Disp8-EFP.log,0.002358209,8.242338368,-0.005734868,0.003
NBC1-MeMe-4.8-CHHHH-CHHHH-Disp8-EFP.log,0.002358209,8.242338009,-0.005734868,0.003
NBC1-MeMe-4.8-CHHHH-CHHHH-Disp8-EFP.log,4.63E-05,8.554706249,-0.005734868,0.003
NBC1-MeMe-4.8-CHHHH-CHHHH-Disp8-EFP.log,0.001803446,10.09283749,-0.005734868,0.003
NBC1-MeMe-4.8-CHHHH-CHHHH-Disp8-EFP.log,0.002358207,8.242338399,-0.005734868,0.003
NBC1-MeMe-4.8-CHHHH-CHHHH-Disp8-EFP.log,4.63E-05,8.554705914,-0.005734868,0.003
NBC1-MeMe-4.8-CHHHH-CHHHH-Disp8-EFP.log,0.00235821,8.242338303,-0.005734868,0.003
NBC1-MeMe-4.8-CHHHH-CHHHH-Disp8-EFP.log,0.001803447,10.0928375,-0.005734868,0.003
NBC1-MeMe-4.8-CHHHH-CHHHH-Disp8-EFP.log,4.63E-05,8.554706845,-0.005734868,0.003
NBC1-MeMe-4.8-CHHHH-CHHHH-Disp8-EFP.log,0.00235821,8.242338339,-0.005734868,0.003
NBC1-MeMe-4.8-CHHHH-CHHHH-Disp8-EFP.log,0.002358204,8.242338926,-0.005734868,0.003
NBC1-MeMe-4.8-CHHHH-CHHHH-Disp8-EFP.log,0.001803442,10.09283791,-0.005734868,0.003
NBC1-MeMe-4.8-CHHHH-CHHHH-Disp8-EFP.log,0.001803445,10.09283742,-0.005734868,0.003
NBC1-MeMe-4.8-CHHHH-CHHHH-Disp8-EFP.log,0.001803448,10.09283703,-0.005734868,0.003
NBC1-MeMe-4.8-CHHHH-CHHHH-Disp8-EFP.log,0.001803447,10.0928375,-0.005734868,0.003
NBC1-MeMe-4.8-CHHHH-CHHHH-Disp8-EFP.log,0.001517201,11.87608721,-0.005734868,0.003
NBC1-MeMe-5.0-CHHHH-CHHHH-Disp8-EFP.log,0.001738483,8.615600329,-0.003728345,0.0037
NBC1-MeMe-5.0-CHHHH-CHHHH-Disp8-EFP.log,4.37E-05,8.914898576,-0.003728345,0.0037
NBC1-MeMe-5.0-CHHHH-CHHHH-Disp8-EFP.log,0.001738484,8.615600198,-0.003728345,0.0037
NBC1-MeMe-5.0-CHHHH-CHHHH-Disp8-EFP.log,0.001350733,10.46764132,-0.003728345,0.0037
NBC1-MeMe-5.0-CHHHH-CHHHH-Disp8-EFP.log,4.37E-05,8.914898917,-0.003728345,0.0037
NBC1-MeMe-5.0-CHHHH-CHHHH-Disp8-EFP.log,0.001738486,8.615599496,-0.003728345,0.0037
NBC1-MeMe-5.0-CHHHH-CHHHH-Disp8-EFP.log,0.001738482,8.615600063,-0.003728345,0.0037
NBC1-MeMe-5.0-CHHHH-CHHHH-Disp8-EFP.log,0.001350733,10.46764107,-0.003728345,0.0037
NBC1-MeMe-5.0-CHHHH-CHHHH-Disp8-EFP.log,0.001738481,8.615600669,-0.003728345,0.0037
NBC1-MeMe-5.0-CHHHH-CHHHH-Disp8-EFP.log,0.001738483,8.615600038,-0.003728345,0.0037
NBC1-MeMe-5.0-CHHHH-CHHHH-Disp8-EFP.log,4.37E-05,8.91489928,-0.003728345,0.0037
NBC1-MeMe-5.0-CHHHH-CHHHH-Disp8-EFP.log,0.001350731,10.4676416,-0.003728345,0.0037
NBC1-MeMe-5.0-CHHHH-CHHHH-Disp8-EFP.log,0.001350731,10.46764183,-0.003728345,0.0037
NBC1-MeMe-5.0-CHHHH-CHHHH-Disp8-EFP.log,0.001350734,10.46764118,-0.003728345,0.0037
NBC1-MeMe-5.0-CHHHH-CHHHH-Disp8-EFP.log,0.001350731,10.46764164,-0.003728345,0.0037
NBC1-MeMe-5.0-CHHHH-CHHHH-Disp8-EFP.log,0.001159387,12.25403303,-0.003728345,0.0037
NBC1-MeMe-5.4-CHHHH-CHHHH-Disp8-EFP.log,4.15E-05,9.639363838,-0.001644952,0.0032
NBC1-MeMe-5.4-CHHHH-CHHHH-Disp8-EFP.log,0.00096932,9.363251174,-0.001644952,0.0032
NBC1-MeMe-5.4-CHHHH-CHHHH-Disp8-EFP.log,0.000969319,9.363251499,-0.001644952,0.0032
NBC1-MeMe-5.4-CHHHH-CHHHH-Disp8-EFP.log,0.00077252,11.21788121,-0.001644952,0.0032
NBC1-MeMe-5.4-CHHHH-CHHHH-Disp8-EFP.log,0.00096932,9.363251149,-0.001644952,0.0032
NBC1-MeMe-5.4-CHHHH-CHHHH-Disp8-EFP.log,4.15E-05,9.639363296,-0.001644952,0.0032
NBC1-MeMe-5.4-CHHHH-CHHHH-Disp8-EFP.log,0.00096932,9.363251212,-0.001644952,0.0032
NBC1-MeMe-5.4-CHHHH-CHHHH-Disp8-EFP.log,0.000772521,11.21788097,-0.001644952,0.0032
NBC1-MeMe-5.4-CHHHH-CHHHH-Disp8-EFP.log,0.000969318,9.363251607,-0.001644952,0.0032
NBC1-MeMe-5.4-CHHHH-CHHHH-Disp8-EFP.log,0.000969319,9.363251387,-0.001644952,0.0032
NBC1-MeMe-5.4-CHHHH-CHHHH-Disp8-EFP.log,4.15E-05,9.639364011,-0.001644952,0.0032
NBC1-MeMe-5.4-CHHHH-CHHHH-Disp8-EFP.log,0.00077252,11.21788141,-0.001644952,0.0032
NBC1-MeMe-5.4-CHHHH-CHHHH-Disp8-EFP.log,0.000772519,11.21788166,-0.001644952,0.0032
NBC1-MeMe-5.4-CHHHH-CHHHH-Disp8-EFP.log,0.00077252,11.21788148,-0.001644952,0.0032
NBC1-MeMe-5.4-CHHHH-CHHHH-Disp8-EFP.log,0.000772519,11.2178817,-0.001644952,0.0032
NBC1-MeMe-5.4-CHHHH-CHHHH-Disp8-EFP.log,0.000688492,13.00992341,-0.001644952,0.0032
NBC1-MeMe-5.8-CHHHH-CHHHH-Disp8-EFP.log,0.000555787,10.11212788,-0.000746108,0.0023
NBC1-MeMe-5.8-CHHHH-CHHHH-Disp8-EFP.log,3.68E-05,10.36831608,-0.000746108,0.0023
NBC1-MeMe-5.8-CHHHH-CHHHH-Disp8-EFP.log,0.000555787,10.11212758,-0.000746108,0.0023
NBC1-MeMe-5.8-CHHHH-CHHHH-Disp8-EFP.log,0.000451976,11.96883224,-0.000746108,0.0023
NBC1-MeMe-5.8-CHHHH-CHHHH-Disp8-EFP.log,3.68E-05,10.36831669,-0.000746108,0.0023
NBC1-MeMe-5.8-CHHHH-CHHHH-Disp8-EFP.log,0.000555787,10.11212752,-0.000746108,0.0023
NBC1-MeMe-5.8-CHHHH-CHHHH-Disp8-EFP.log,0.000555786,10.1121279,-0.000746108,0.0023
NBC1-MeMe-5.8-CHHHH-CHHHH-Disp8-EFP.log,0.000451975,11.96883241,-0.000746108,0.0023
NBC1-MeMe-5.8-CHHHH-CHHHH-Disp8-EFP.log,0.000555786,10.11212812,-0.000746108,0.0023
NBC1-MeMe-5.8-CHHHH-CHHHH-Disp8-EFP.log,0.000555787,10.11212761,-0.000746108,0.0023
NBC1-MeMe-5.8-CHHHH-CHHHH-Disp8-EFP.log,3.68E-05,10.36831652,-0.000746108,0.0023
NBC1-MeMe-5.8-CHHHH-CHHHH-Disp8-EFP.log,0.000451976,11.96883247,-0.000746108,0.0023
NBC1-MeMe-5.8-CHHHH-CHHHH-Disp8-EFP.log,0.000451975,11.96883259,-0.000746108,0.0023
NBC1-MeMe-5.8-CHHHH-CHHHH-Disp8-EFP.log,0.000451976,11.96883206,-0.000746108,0.0023
NBC1-MeMe-5.8-CHHHH-CHHHH-Disp8-EFP.log,0.000451976,11.96883235,-0.000746108,0.0023
NBC1-MeMe-5.8-CHHHH-CHHHH-Disp8-EFP.log,0.000419297,13.76581356,-0.000746108,0.0023
